sample_id,query_id,original_depth_cohort,E3_answer,E6_answer,E9_answer,population,E3_correct,E3_correctness_score,E3_judge_reason,E3_status,E6_correct,E6_correctness_score,E6_judge_reason,E6_status,E9_correct,E9_correctness_score,E9_judge_reason,E9_status,human_judge_valid,human_best_next_action,human_sufficient_pages
HR010,unidoc_healthcare_0052,HIT_AT_3,"Over 24 months of anti-VEGF therapy within the central 6 mm area:

1. **Intraretinal Fluid (IRF)**: IRF resolved rapidly after the first injection and remained low throughout the 24 months of follow-up. The therapeutic response for IRF was similar across the two IRF arms, with low residual IRF independent of fixed or flexible regimen.

2. **Subretinal Fluid (SRF)**: The mean volume of SRF at baseline was three times larger than that of IRF. The first injection resulted in substantial SRF resolution, and SRF pooling remained low subsequently. The mean SRF volume in the monthly treatment arm was less than in the PRN-treated arm.

3. **Pigment Epithelial Detachment (PED)**: PED showed a less pronounced reduction compared to IRF and SRF, with no further resolution observed with continued treatment. The resolution of PED was more intensive with monthly re-treatment compared to PRN treatment.",,,HUMAN_DIAGNOSTIC_6,False,2,"The candidate answer correctly describes the general trends of IRF, SRF, and PED over 24 months of anti-VEGF therapy and distinguishes between treatment regimens (monthly vs. PRN). However, it lacks the specific quantitative data (e.g., from 123 nl to 20 nl) present in the reference answer, which affects completeness and correctness. The answer is grounded in the reference but includes some additional comparative details not explicitly stated in the reference.",OK,,,,UNAVAILABLE_EVIDENCE,,,,UNAVAILABLE_EVIDENCE,YES,RETRIEVE_MORE,
HR013,unidoc_commerce_manufacturing_0120,MISS_AT_3_HIT_AT_6,"The information provided in the text context does not directly address the automotive trade value between the UK and Germany, Belgium, or Spain in 2017. The text discusses the European car market, new car registrations, and auto ABS (Asset-Backed Securities) market developments, but it does not provide specific data on the automotive trade value between the UK and these countries in 2017. Therefore, the information is not supported by the currently retrieved evidence.","Based on the information provided in the text, Germany had the highest automotive trade value with the UK in 2017. The data from the text indicates the trade value of motor vehicles, automotive parts, and accessories for 2017, showing Germany's significant role in the UK's automotive trade.","Based on the information provided in the document, Germany had the highest automotive trade value with the UK in 2017. The trade value between Germany and the UK was significant, with Germany being a key market for auto ABS in Europe. The document also mentions that the UK's auto ABS market share was 17.8% in 2017, which indicates a substantial trade relationship with Germany, the largest auto ABS market. The trade value of motor vehicles, automotive parts, and accessories between Germany and the UK was the highest compared to Belgium and Spain.",PRIMARY_224,False,0,"The candidate answer fails to answer the question and incorrectly claims the information is not supported, when the reference answer clearly states Germany as the correct country.",OK,True,4,"The candidate answer correctly identifies Germany as the country with the highest automotive trade value with the UK in 2017, and it is fully supported by the reference. The answer is complete, grounded, and directly satisfies the task.",OK,True,4,The candidate answer correctly identifies Germany as the country with the highest automotive trade value with the UK in 2017. It is fully consistent with the reference answer and directly addresses the question. The additional context about the auto ABS market and trade value is not contradictory and supports the conclusion.,OK,YES,RETRIEVE_MORE,
HR014,unidoc_construction_0114,MISS_AT_3_HIT_AT_6,"Patrick Stewart-Blacker categorizes the components of a smart tech environment by taking an agnostic view of the technology required to make a space ""Smart."" This approach focuses on the higher-level conceptual principles of how the technology should be technically architected, rather than considering specific solutions or systems that make up a workspace. He emphasizes the importance of mapping functionality at an early stage in a deployment to help organizations define the smart tech investment value proposition and understand how the information can benefit the organization.","Patrick Stewart-Blacker categorizes the components of a smart tech environment into five clearly defined functional layers: 

1. **Progress** (Evidence-based, KPI Measurable)
2. **Insights** (Dynamic)
3. **Machine Learning** (Intelligence)
4. **Big Data** (Aggregation)
5. **Internet of Things (IoT)** (Harvesting)

These layers represent the different processing elements that define the components of the technology and data ecosystem within a smart environment.","Patrick Stewart-Blacker categorizes the components of a smart tech environment into five clearly defined functional layers:

1. **Internet of Things (IoT)** - This layer involves the harvesting of data from connected devices and sensors within the space.
2. **Big Data** - This layer is responsible for the aggregation, collection, and processing of IoT data into structured formats for further use. It includes the concepts of a Data Lake and Data Warehousing.
3. **Machine Learning (Intelligence)** - This layer utilizes the aggregated data from the Big Data layer to provide insights and outputs through the use of data analytics tools, including Artificial Intelligence (AI).
4. **Insights** - This layer is dynamic and focuses on the actionable insights derived from the data analysis.
5. **Progress** - This layer is evidence-based and focuses on measurable key performance indicators (KPIs) to assess the effectiveness and success of the smart tech ecosystem.",PRIMARY_224,False,0,"The candidate answer does not mention the five functional layers (IoT, Big Data, Machine Learning, Insights, and Progress) that Patrick Stewart-Blacker categorizes. Instead, it discusses a different conceptual approach and does not align with the reference answer.",OK,True,4,"The candidate answer correctly lists all five layers (IoT, Big Data, Machine Learning, Insights, and Progress) in the reverse order of the reference. It also includes brief, accurate descriptions of each layer. The reversal of order is a minor issue but does not affect correctness or grounding. The answer is fully consistent with the reference and directly addresses the question.",OK,True,4,"The candidate answer is fully correct, covering all five layers as described in the reference answer. It provides additional detail on each layer without introducing factual errors. The explanation is consistent with the reference and directly answers the question.",OK,YES,RETRIEVE_MORE,5
HR015,unidoc_construction_0187,MISS_AT_9,The provided text does not mention any specific beam spread degrees for different lighting fixtures.,The provided text does not mention any specific beam spread degrees for different lighting fixtures.,The information regarding beam spread degrees for different lighting fixtures is not provided in the given text.,PRIMARY_224,False,0,"The candidate answer is incorrect and contradicts the reference answer, which clearly states the beam spread degrees. The candidate answer fails to provide the correct information and does not address the question properly.",OK,False,0,"The candidate answer is incorrect and contradicts the reference, which clearly states the beam spread degrees. The answer fails to provide the correct information and does not address the question properly.",OK,False,0,"The candidate answer is incorrect and fails to provide the correct beam spread degrees (12°, 21°, and 41°) as stated in the reference answer. It incorrectly claims the information is not provided.",OK,YES,RETRIEVE_MORE,23
HR017,unidoc_education_0082,MISS_AT_3_HIT_AT_6,"Based on the IOJET 2021 study, the methods for assessing homework employed by over five educators include:

1. Parents checking homework.
2. Teachers checking homework themselves.","Based on the IOJET 2021 study, over five educators employed the following methods for assessing homework:

1. Parents checking the homework.
2. Teachers checking the homework themselves.","Based on the IOJET 2021 study, over five educators employed the following methods for assessing homework:

1. Wanting parents to check homework.
2. Checking homework themselves.",PRIMARY_224,False,2,The candidate answer is partially correct and includes two of the four methods mentioned in the reference answer. It is grounded in the reference but misses two important methods. It addresses the main idea but is incomplete.,OK,False,2,"The candidate answer is partially correct, as it mentions two of the four methods from the reference answer (Parental check and Teacher check). It misses 'Absolute must' and 'Checking whether it’s done or not,' which are important. The answer is grounded in the reference but is incomplete and lacks some essential points.",OK,False,2,"The candidate answer is partially correct by identifying two of the methods (parental check and teacher check), but it misses two essential methods from the reference (Absolute must and Checking whether it’s done or not). The wording is semantically correct but incomplete. It includes a minor unsupported claim by not listing all the required methods.",OK,YES,RETRIEVE_MORE,13
HR019,unidoc_energy_0016,MISS_AT_3_HIT_AT_6,"The sequence of changes in radiation monitoring readings over time indicates the arrival, movement, and settling of radioactive material at a site. For example, in the case of the Fukushima nuclear event, radioactive plumes were detected during two periods: the first between 15 and 16 March and the second between 20 and 23 March. These readings show that the simulations properly reproduce the signal's temporal evolution, validating the estimated temporal evolution of the release for the observed episodes. The simulations confirm the results obtained by comparing the simulations with the dose rate measurements, indicating that the radioactive material was detected and its movement over time was captured by the monitoring stations. The readings also show that the main peak of radioactive material was detected over a longer period in the simulations than in the actual measurements, and the simulation results are fairly consistent with the measurements in the case of the caesiums. The activity concentrations of 136Cs are slightly overestimated by a factor of 2 to 3, and the simulation results are most consistent with the measurements in the case of 137Cs. The 131I activity concentrations are overestimated but remain within a factor of 2 of the observations. The results are less conclusive in the case of the 132Te, as the activity concentrations are underestimated by a factor of 3 to 4 in the simulations. The 132Te/132I pair has a relatively short half-life of 3.26 days, and if several plumes are detected above the same monitoring station for a short period, the dose rate due to deposition between two successive plume passes is not measured for a long enough period to enable the inverse method to accurately estimate the releases' isotopic composition. In this context, the radioactive elements with relatively short half-lives, such as those of the 132Te/132I pair, are considered as noble gases by the inversion process, and the method will tend to emphasize the 133Xe in the release rather than the 132Te/132I pair. Two plumes are detected above the Tokai monitoring station on 15 and 16 March, and the underestimated 132Te value should therefore be compensated for by overestimating the 133Xe value. This hypothesis cannot be checked, as we do not have simultaneous noble gas and 132Te measurements, but all of the comparisons tend to support it. The simulation made using the Mathieu et al. (2012) ST tends to overestimate the activity concentrations, resulting in the simulated dose rate being overestimated after 15 March due to deposition during the event.","The sequence of changes in radiation monitoring readings over time during the Fukushima nuclear event indicates the arrival, movement, and settling of radioactive material at a site. When a radioactive plume passes over a monitoring station, the ambient dose rate rises and reaches a peak, which is due to radioactivity in the air and the deposition forming in the vicinity of the monitoring device. As the plume moves further away, the dose rate decreases. After the plume has passed, the dose rate remains higher than before the plume, with the difference resulting from the deposits formed during the plume passage. The temporal evolution of the dose rate after the plume is mainly due to the radioactive decay of the radionuclides in the deposit, and the signal slope reflects the isotopic composition of the deposit. This sequence of changes in readings helps to identify the timing and characteristics of the radioactive plume's arrival, its movement away, and the subsequent settling of radioactive material at the site.","The sequence of changes in radiation monitoring readings over time indicates the arrival, movement, and settling of radioactive material at a site. When a radioactive plume passes over a monitoring station, the dose rate rises and reaches a peak, which is due to radioactivity in the air and the deposition forming in the vicinity of the device. As the plume moves away, the dose rate decreases. After the plume has passed, the dose rate remains higher than before the plume, indicating the deposits formed during the plume passage. The temporal evolution of the dose rate after the plume is mainly due to the radioactive decay of the radionuclides in the deposit, and the signal slope reflects the isotopic composition of the deposit. This information helps in understanding the temporal evolution of the release and the isotopic composition of the emissions.",PRIMARY_224,False,1,"The candidate answer provides detailed technical information about simulations, isotopes, and specific monitoring data, but it does not directly address the question about what the sequence of radiation monitoring readings indicates about the arrival, movement, and settling of radioactive material. It is largely off-topic and includes unsupported or overly specific claims not aligned with the reference answer.",OK,True,4,"The candidate answer is fully correct, covering all essential points about the sequence of radiation readings indicating arrival, movement, and settling of radioactive material. It is consistent with the reference and directly answers the question with appropriate detail and clarity.",OK,True,4,"The candidate answer is fully correct, covering the key phases of arrival, movement, and settling of radioactive material. It accurately describes the initial rise in dose rate due to the plume, the subsequent decrease as the plume moves away, and the residual dose rate from deposited material. It also adds relevant details about radioactive decay and isotopic composition, which are consistent with the reference. The answer is grounded in the reference and directly addresses the question.",OK,YES,RETRIEVE_MORE,4
HR020,unidoc_energy_0060,MISS_AT_3_HIT_AT_6,"The provided text does not contain information about any filings made by FE and DP&L on February 21, 2019, or any proposed adjustment to the collection sum by DP&L.",The information requested is not supported by the currently retrieved evidence.,"The information regarding which filings FE and DP&L made on February 21, 2019, seeking to continue the DMR for two additional years, and the adjustment to the collection sum proposed by DP&L is not supported by the currently retrieved evidence.",PRIMARY_224,False,0,"The candidate answer is incorrect and fails to answer the question. The reference clearly states the filings made by FE and DP&L on February 21, 2019, and the adjustment proposed by DP&L.",OK,False,0,The candidate answer fails to provide any correct or relevant information and does not address the question at all.,OK,False,0,"The candidate answer does not provide any factual information in response to the question and instead states that the information is not supported, which is incorrect as the reference answer provides clear details.",OK,YES,RETRIEVE_MORE,8
HR021,unidoc_finance_0021,MISS_AT_9,The provided document does not include information about the change in the value of 1 EUR between the end of 2017 and the end of 2018.,The provided financial statements do not include information about the change in the value of 1 EUR between the end of 2017 and the end of 2018. The statements are denominated in euros and do not provide exchange rate data or any indication of currency value fluctuations.,"The information provided does not directly address how the value of 1 EUR changed between the end of 2017 and the end of 2018. The given text includes financial statements and reports for EXPRESSCREDIT SIA, detailing profits, equity changes, and other financial metrics, but it does not provide information on the exchange rate or the value of the euro during the specified period. Therefore, based on the provided evidence, the change in the value of 1 EUR is not supported by the information given.",PRIMARY_224,False,0,"The candidate answer is incorrect and fails to address the question. The reference answer provides specific exchange rates from the financial statements, but the candidate claims the information is not present in the document.",OK,False,1,"The candidate answer is mostly incorrect as it claims the financial statements do not include exchange rate data, while the reference answer provides specific exchange rates from the statements. The candidate fails to answer the question and contradicts the reference.",OK,False,0,"The candidate answer incorrectly claims that the information is not provided, while the reference answer clearly states the exchange rates for 1 EUR at the end of 2017 and 2018. The candidate answer fails to recognize the relevant data and provides an incorrect conclusion.",OK,YES,RETRIEVE_MORE,13
HR022,unidoc_finance_0183,MISS_AT_3_HIT_AT_6,"The provided document does not include specific financial insights related to inventory and bank balances for the six months ending June 2018. Therefore, the information is not supported by the currently retrieved evidence.","The main financial insights from inventory and bank balances for the six months ending June 2018 are as follows:

1. **Inventory (Stock-in-Trade):** The stock-in-trade for the half year ended June 30, 2018, was Rs. 19,212,045,000 (compared to Rs. 23,946,058,000 in the previous year). This indicates a decrease in inventory levels compared to the prior year.

2. **Inventory Write-Downs:** Finished goods were written down by Rs. 131.664 million to arrive at their net realizable value (2017: Rs. 106.38 million). This suggests a reduction in the value of finished goods inventory due to potential market or valuation factors.

3. **Cash and Bank Balances:** Cash and bank balances at the end of the period were Rs. 6,827,253,000 (June 30, 2018), compared to Rs. 9,189,552,000 at the beginning of the period (June 30, 2017). This reflects a decrease in cash and cash equivalents over the six-month period.

4. **Cash Flow from Operations:** Cash generated from operating activities was Rs. 4,908,396,000 for the half year ended June 30, 2018, compared to Rs. 9,696,214,000 in the prior year. This indicates a significant reduction in cash generated from operations.

5. **Cash Flow from Investing Activities:** Net cash used in investing activities was Rs. 5,146,817,000, primarily due to purchases of property, plant, and equipment, and intangible assets.

6. **Cash Flow from Financing Activities:** Dividends paid during the period were Rs. 1,379,611,000, contributing to a net decrease in cash and cash equivalents of Rs. 2,362,299,000 for the half year ended June 30, 2018.

These insights highlight a decrease in inventory levels and cash balances, along with a reduction in cash generated from operations compared to the prior year.","The main financial insights from inventory and bank balances for the six months ending June 2018 are as follows:

1. **Inventory (Stock-in-Trade):**
   - The stock-in-trade for the half year ended 30 June 2018 was Rs. 19,212,045,000 (compared to Rs. 23,946,058,000 in 2017). This indicates a decrease in inventory levels.
   - The inventory was written down by Rs. 131.664 million to arrive at the net realizable value, compared to Rs. 106.38 million in 2017.

2. **Cash and Bank Balances:**
   - The cash and bank balances at the end of the period (30 June 2018) were Rs. 6,827,253,000, compared to Rs. 9,189,552,000 at the beginning of the period (31 December 2017).
   - The cash in hand was Rs. 11,763,000, and cash at banks included deposits, special deposit accounts, and current accounts totaling Rs. 6,807,686,000.
   - The cash flow from operating activities for the half year ended 30 June 2018 was Rs. 4,164,129,000, indicating cash generated from operations, although this was less than the previous year's Rs. 7,936,853,000.

3. **Working Capital Changes:**
   - There was a significant decrease in current assets, particularly in stock-in-trade and trade deposits and short-term prepayments, which contributed to the overall cash flow from operations.
   - The decrease in trade deposits and short-term prepayments was Rs. 1,249,441,000 compared to an increase in the previous year.

These insights reflect a reduction in inventory levels and a decrease in cash and bank balances, which may be attributed to operational and financial activities during the six months ending June 2018.",PRIMARY_224,False,0,"The candidate answer is incorrect and fails to address the question. The reference answer clearly provides specific financial insights, but the candidate claims the information is not supported by the evidence, which contradicts the reference.",OK,,,,JUDGE_ERROR,,,,JUDGE_ERROR,YES,RETRIEVE_MORE,"17,18"
HR024,unidoc_legal_0160,MISS_AT_3_HIT_AT_6,The provided text does not mention the enactment date of the Religious Freedom Restoration Act by the U.S. President.,"The enactment of the Religious Freedom Restoration Act by the U.S. President took place on November 16, 1993.","The enactment of the Religious Freedom Restoration Act by the U.S. President took place on November 16, 1993, when President Clinton signed it into law.",PRIMARY_224,False,0,"The candidate answer incorrectly claims that the text does not mention the enactment date, when in fact the reference answer provides the correct date. The candidate answer fails to answer the question and contradicts the reference.",OK,True,4,"The candidate answer is fully correct, complete, and consistent with the reference. It accurately states the date of enactment without adding unsupported information.",OK,True,4,"The candidate answer is fully correct, complete, grounded in the reference, and directly satisfies the task by providing the exact date and identifying President Clinton as the one who signed the act into law.",OK,YES,RETRIEVE_MORE,3
HR028,unidoc_construction_0108,HIT_AT_3,"The differing permeability in the dam's abutments at the Peygham-Chay site significantly impacts seepage. The left abutment, composed of heterogeneous alluvium, exhibits a broad permeability range from 2.48e-8 to 1.16e-2 cm/s, leading to variable seepage conditions. In contrast, the right abutment has lower permeability due to the presence of bedrock and thinner alluvium, with permeability values generally lower than those in the left abutment. These permeability differences necessitate the consideration of 15 sections for water seepage analysis, as the varying permeability and thickness of materials along the dam influence seepage behavior.",,,HUMAN_DIAGNOSTIC_6,False,2,"The candidate answer correctly identifies that differing permeability affects seepage and mentions the left and right abutments. However, it incorrectly states that the right abutment has lower permeability, while the reference indicates the right abutment has high permeability. The candidate also mentions 15 sections for analysis, which is not addressed in the reference. The answer covers the main idea but misses key details and includes an imprecise claim.",OK,,,,UNAVAILABLE_EVIDENCE,,,,UNAVAILABLE_EVIDENCE,YES,RETRIEVE_MORE,
HR032,unidoc_energy_0078,HIT_AT_3,"The information regarding the UK natural gas benchmark value denominated in US dollars per MMBtu for July 20 to July 21, 2021, is not supported by the currently retrieved evidence.",,,HUMAN_DIAGNOSTIC_6,False,0,"The candidate answer fails to provide the correct information and does not address the question. It incorrectly claims the information is unsupported, while the reference answer clearly provides the necessary data.",OK,,,,UNAVAILABLE_EVIDENCE,,,,UNAVAILABLE_EVIDENCE,YES,RETRIEVE_MORE,
HR045,unidoc_finance_0150,HIT_AT_3,The retrieved document evidence does not provide the count of newly initiated direct lending funds in both the United States and European markets for 2017. The information is not supported by the currently retrieved evidence.,,,HUMAN_DIAGNOSTIC_6,False,0,"The candidate answer incorrectly claims that the information is not supported by the evidence, when the reference answer clearly provides the required data. The candidate fails to answer the question and contradicts the reference.",OK,,,,UNAVAILABLE_EVIDENCE,,,,UNAVAILABLE_EVIDENCE,YES,RETRIEVE_MORE,"8,9"
HR049,unidoc_commerce_manufacturing_0032,MISS_AT_3_HIT_AT_6,"The expected weekly production volume for MALS A/Cs (assuming this refers to ""mostly assemble large sized A/Cs"") in the assembly process model is 485 units.",The expected weekly production volume for MALS A/Cs in the assembly process model is 32.,The expected weekly production volume for MALS A/Cs in the assembly process model is 32.,PRIMARY_224,False,0,"The candidate answer is completely incorrect and does not align with the reference answer. It provides a value of 485 units, whereas the correct expected weekly production volume is 32 units. The answer also includes an unsupported assumption about the meaning of 'MALS A/Cs.'",OK,True,4,"The candidate answer is fully correct, complete, grounded in the reference, and directly satisfies the task.",OK,True,4,"The candidate answer is fully correct, complete, grounded in the reference, and directly satisfies the task.",OK,YES,RETRIEVE_MORE,7
HR050,unidoc_commerce_manufacturing_0051,MISS_AT_3_HIT_AT_6,The OSHA permissible exposure limit (PEL) for Ethyl Benzene is 125 ppm (as a TWA) and for Xylene is 100 ppm (as a TWA).,"According to the OSHA permissible exposure limits provided in the document:

- The PEL (Permissible Exposure Limit) for Ethyl Benzene is 100 ppm.
- The PEL for Xylene is also 100 ppm.

Therefore, the OSHA permissible exposure limit for Ethyl Benzene is the same as that for Xylene.","According to the OSHA permissible exposure limits provided in the document:

- The PEL (Permissible Exposure Limit) for Ethyl Benzene is 100 ppm (435 mg/m³).
- The PEL for Xylene is also 100 ppm (435 mg/m³).

Therefore, the OSHA permissible exposure limit for Ethyl Benzene is the same as that for Xylene.",PRIMARY_224,False,1,"The candidate answer correctly states that the PELs for Ethyl Benzene and Xylene are different (125 ppm vs. 100 ppm), but it contradicts the reference answer, which states both are 100 ppm. This makes the grounding score 0. The answer is mostly incorrect in terms of factual accuracy but addresses the main task of comparing the two substances.",OK,True,4,"The candidate answer is fully correct, clearly states the PELs for both substances as 100 ppm, and correctly concludes that they are the same. It is consistent with the reference answer and directly addresses the question.",OK,True,4,"The candidate answer is fully correct, covers all essential points, is consistent with the reference, and directly answers the question by comparing the PELs of Ethyl Benzene and Xylene.",OK,YES,RETRIEVE_MORE,3
HR051,unidoc_construction_0015,MISS_AT_3_HIT_AT_6,"The Vision Derby 2040 planning session held in September 2019 focused on mixed-use development and active transportation, with special attention given to these issues in Chapter 3, Chapter 4, and Chapter 6 of the plan. The session emphasized the importance of supporting mobility for all age groups and abilities, as well as proactively managing growth to ensure development and redevelopment do not occur sporadically or at the expense of transportation connections, public space, environmental adaptation, or excessive public costs. The plan also highlighted the need to encourage variety in housing types, public safety, recreation, physical and mental health, and inclusion of under-served communities. Additionally, the session aimed to strengthen the city's character through distinct transportation corridors, neighborhoods, parks, and commercial business areas, while anticipating change and welcoming new ideas, policies, and projects that align with the vision.","The Vision Derby 2040 planning session held in September 2019, referred to as the Vision 2040 Design Studio, was one of the public engagement events that contributed to the development of the comprehensive plan. The findings from this session, along with other public input processes, helped shape the guiding principles and direction of Vision Derby 2040. Key themes that emerged included support for mobility for all, proactive management of growth, encouragement of variety in housing and community amenities, balancing market needs with resources, strengthening the city's character, and anticipating change through new ideas and projects. These themes were integrated into the plan's chapters, focusing on land use, transportation, community facilities, health, housing, and environmental image. Specific goals and action items were outlined to guide the city's development and implementation of the plan through 2040.","The Vision Derby 2040 planning session held in September 2019, referred to as the Vision 2040 Design Studio, was one of several public engagement events that contributed to the development of the comprehensive plan. The findings from this session, along with other input processes, helped shape the guiding principles and direction of the Vision Derby 2040 plan. Key themes that emerged included a focus on mixed-use development and active transportation, which were given special attention in the plan, particularly in Chapters 3, 4, and 6. The session also contributed to the identification of principles such as supporting mobility for all, proactively managing growth, encouraging variety, balancing markets and resources, strengthening the city's character, and anticipating change. These principles reflect the community's desire for a transportation system that supports all age groups and abilities, the need for thoughtful and connected development, and the importance of diversity and sustainability in shaping Derby's future.",PRIMARY_224,False,2,"The candidate answer partially aligns with the reference answer but omits key findings such as promoting efficient urban services, neighborhood reinvestment, environmental protection, and the specific special districts like Park2Park Cultural Corridor and the K-15 Area Plan. It introduces some ideas not in the reference (e.g., public safety, physical and mental health) and is somewhat indirect in addressing the question. The answer is grounded but incomplete.",OK,True,3,"The candidate answer correctly identifies the Vision Derby 2040 planning session and mentions key themes such as mobility, housing, and community amenities. However, it omits specific findings like environmental protection, neighborhood reinvestment, and special districts like Park2Park Cultural Corridor mentioned in the reference. It also includes a minor unsupported claim by referring to it as the 'Vision 2040 Design Studio.' The answer is task-satisfying as it addresses the question directly but is incomplete and slightly imprecise.",OK,False,2,"The candidate answer correctly identifies the Vision Derby 2040 planning session and mentions key themes like mixed-use development and active transportation, which are consistent with the reference. However, it omits several specific findings from the reference, such as promoting efficient urban services, diverse housing, neighborhood reinvestment, and special districts like Park2Park. It also introduces the idea of specific chapters (3, 4, and 6) not mentioned in the reference, which is a minor unsupported claim.",OK,YES,RETRIEVE_MORE,2
HR052,unidoc_construction_0075,MISS_AT_3_HIT_AT_6,"The elements evaluated for choosing sites based on materials in the Maiduguri, Nigeria case study include local materials accessibility, quality and quantity, local transportation infrastructure, and population densities.","In the Maiduguri, Nigeria case study, the elements evaluated for choosing sites based on materials include local materials accessibility, quality and quantity, local transportation infrastructure, and population densities.","The elements evaluated for choosing sites based on materials in the Maiduguri, Nigeria case study include local materials accessibility, quality and quantity, local transportation infrastructure, and population densities.",PRIMARY_224,False,1,"The candidate answer includes some correct elements (e.g., local materials accessibility and population density), but it is incomplete and omits many key factors from the reference answer such as gravel, cement, concrete, rail, flood risk, brick, steel, lumber, terminal port, airport, and ground road accessibility factors. It also generalizes rather than specifying the exact elements mentioned in the reference.",OK,False,1,"The candidate answer includes a small correct element (population densities) but omits most of the key elements from the reference answer and introduces unsupported claims (local materials accessibility, quality and quantity, local transportation infrastructure). It fails to fully address the question and is not grounded in the reference.",OK,False,1,"The candidate answer includes some correct elements (e.g., local materials accessibility, transportation infrastructure, and population density), but it is incomplete and omits many key factors from the reference answer such as gravel, cement, concrete, rail road, flood risk, brick, steel, lumber, terminal port, airport proximity, and ground road accessibility factors. It also generalizes rather than specifying the exact elements mentioned in the reference. The answer is grounded in part but lacks sufficient detail to be fully consistent with the reference.",OK,YES,RETRIEVE_MORE,14
HR054,unidoc_education_0034,MISS_AT_3_HIT_AT_6,"In the S.I. system, mass is expressed in kilograms (kg). In the B.G. (British Gravitational) system, mass is expressed in slugs (slug = lb sec² / ft).","In the S.I. system, mass is expressed in kilograms (kg), while in the B.G. (British Gravitational) system, mass is expressed in slugs.","In the S.I. system, mass is expressed in kilograms (kg), and in the E.S. (British Gravitational) system, mass is expressed in slugs.",PRIMARY_224,True,3,"The candidate correctly identifies that S.I. uses kilograms for mass. However, it refers to the B.G. system instead of the E.S. system as requested, which is a minor inaccuracy. The mention of slugs is correct, but the system name is imprecise. The answer is grounded in the reference but lacks the explicit mention of the dimension 'M'.",OK,True,3,"The candidate answer correctly identifies the S.I. unit for mass as kilograms (kg), which is accurate. It also correctly identifies slugs as the unit for mass in the British Gravitational (B.G.) system, which is equivalent to the English System (E.S.) as mentioned in the reference. However, it does not mention the dimension of mass (M), and uses the term 'B.G. system' instead of 'E.S. system' as in the reference, which is a minor imprecision.",OK,True,3,"The candidate answer correctly identifies the units for mass in both the S.I. and E.S. systems. However, it omits the mention of the dimension 'M' for mass, which is included in the reference answer. The answer is grounded in the reference and directly addresses the task, but it is incomplete in terms of covering all essential points.",OK,YES,RETRIEVE_MORE,16
HR057,unidoc_finance_0090,MISS_AT_3_HIT_AT_6,"The unique statistical measures identified in the evaluation of complex models, along with their intervals, are as follows:

- **ω2 (omega squared)**: 30.442 (27.905, 32.819)
- **γ2 (gamma squared)**: 0.297 (0.230, 0.364)
- **θ2 (theta squared)**: Not mentioned in the provided text.
- **β2 (beta squared)**: 0.009 (0.004, 0.028)
- **η2 (eta squared)**: 51.933 (29.060, 70.020)
- **ξ2 (xi squared)**: 0.710 (0.661, 0.775)
- **p22 (p squared)**: 0.772 (0.730, 0.815)
- **UV2 (Unexplained Variance squared)**: 115% (not provided with a specific interval in the text)

These values are derived from the Markov switching skewed Student-t GJR-GARCH model applied to BTC data from various sources.","The unique statistical measures ω2, γ2, θ2, β2, η2, ξ2, p22, and UV2 along with their intervals used in the evaluation of complex models are as follows:

1. **ω2 (State 2 constant term in GJR-GARCH model)**:
   - CG: 30.442 (27.905, 32.819)
   - CM: 2.377 (2.129, 2.645)
   - CC: 4.599 (0.168, 5.435)
   - Bitstamp: 24.312 (20.950, 28.351)
   - Kraken: 1.828 (1.675, 2.004)

2. **γ2 (State 2 leverage parameter in GJR-GARCH model)**:
   - CG: 0.297 (0.230, 0.364)
   - CM: -0.055 (-0.082, -0.031)
   - CC: 0.204 (-0.144, 0.262)
   - Bitstamp: 0.311 (0.185, 0.424)
   - Kraken: 0.168 (0.140, 0.202)

3. **θ2 (State 2 asymmetry parameter in EGARCH model)**:
   - CG: -0.045 (-0.083, -0.006)
   - CM: 0.015 (-0.010, 0.040)
   - CC: -0.063 (-0.096, -0.033)
   - Bitstamp: -0.055 (-0.086, -0.019)
   - Kraken: -0.132 (-0.173, -0.091)

4. **β2 (State 2 persistence parameter in GJR-GARCH and EGARCH models)**:
   - GJR-GARCH:
     - CG: 0.009 (0.004, 0.028)
     - CM: 0.767 (0.754, 0.779)
     - CC: 0.682 (0.657, 0.880)
     - Bitstamp: 0.308 (0.275, 0.348)
     - Kraken: 0.880 (0.862, 0.896)
   - EGARCH:
     - CG: 0.866 (0.830, 0.891)
     - CM: 0.919 (0.897, 0.933)
     - CC: 0.884 (0.865, 0.902)
     - Bitstamp: 0.895 (0.869, 0.918)
     - Kraken: 0.652 (0.570, 0.710)

5. **η2 (State 2 degrees of freedom parameter in skewed Student-t distribution)**:
   - GJR-GARCH:
     - CG: 51.933 (29.060, 70.020)
     - CM: 4.172 (3.895, 4.542)
     - CC: 4.165 (2.684, 4.835)
     - Bitstamp: 3.131 (2.860, 3.466)
     - Kraken: 65.485 (61.535, 69.464)
   - EGARCH:
     - CG: 9.669 (8.757, 10.665)
     - CM: 4.434 (4.156, 4.711)
     - CC: 3.827 (3.690, 3.988)
     - Bitstamp: 14.412 (12.849, 15.971)
     - Kraken: 5.7","The unique statistical measures identified in the evaluation of complex models are as follows:

1. **ω2 (omega squared)**: This represents the constant term in the second state of the GJR-GARCH model. For example, in the Markov switching skewed Student-t GJR-GARCH model, the median and 25th and 75th percentiles for ω2 are reported for each data source. For CG, ω2 is 30.442 with an interval of (27.905, 32.819).

2. **γ2 (gamma squared)**: This is the leverage effect parameter in the second state of the GJR-GARCH model. For CG, γ2 is 0.297 with an interval of (0.230, 0.364).

3. **θ2 (theta squared)**: This is the asymmetry parameter in the second state of the EGARCH model. For example, in the Markov switching skewed Student-t EGARCH model, θ2 for CG is -0.045 with an interval of (-0.083, -0.006).

4. **β2 (beta squared)**: This is the persistence parameter in the second state of the GJR-GARCH or EGARCH model. For CG in the GJR-GARCH model, β2 is 0.009 with an interval of (0.004, 0.028).

5. **η2 (eta squared)**: This is the degrees of freedom parameter in the second state of the skewed Student-t distribution. For CG, η2 is 51.933 with an interval of (29.060, 70.020).

6. **ξ2 (xi squared)**: This is the skewness parameter in the second state of the skewed Student-t distribution. For CG, ξ2 is 0.710 with an interval of (0.661, 0.775).

7. **p22 (p squared)**: This is the transition probability from state 2 to state 2 in the Markov switching model. For CG, p22 is 0.772 with an interval of (0.730, 0.815).

8. **UV2 (Unconditional Variance squared)**: This is the steady-state volatility in the second state of the model. For CG, UV2 is 115% with an interval of (1991).

These measures are used to evaluate the parameters and performance of the Markov switching GJR-GARCH and EGARCH models on non-traded and traded BTC data.",PRIMARY_224,False,1,"The candidate answer provides values for most of the requested statistical measures, but these values do not match the reference answer and are likely fabricated or incorrect. Additionally, θ2 is marked as 'not mentioned,' which is not the case in the reference. The answer also includes unsupported claims about the model and data source, and it fails to provide the correct intervals as specified in the reference.",OK,False,1,"The candidate answer provides detailed values for the statistical measures but does not match the reference answer in terms of the specific intervals or values. It also fails to fully list all the requested measures and their intervals, and it includes unsupported or irrelevant details (e.g., model types like GJR-GARCH, EGARCH, and data sources like CG, CM, etc.).",OK,False,1,"The candidate answer provides detailed descriptions of the statistical measures and their intervals, but the values do not match the reference answer. The values for ω2, γ2, θ2, β2, η2, ξ2, p22, and UV2 are all different from the reference, indicating a lack of grounding. The task was to identify the measures and their intervals as used in the evaluation, not to describe their model context. The answer fails to match the reference values and does not directly answer the question as requested.",OK,YES,RETRIEVE_MORE,28
HR058,unidoc_healthcare_0008,MISS_AT_3_HIT_AT_6,"Varying amounts of keratinocyte supernatants influence the movement of CD1a+ Langerhans cell (LC) precursors under the influence of IL-1β and TNF-α. Activated keratinocyte supernatants induce migration of CD1a+ LC precursors, with a migration index ranging from 5 to 20. The addition of anti–MIP-3a consistently results in a complete block of this supernatant-induced activity, indicating that MIP-3a is a key chemokine in this process. The chemotactic effect of the supernatants is suppressed in the presence of anti–MIP-3a, while a control antibody has no effect. These findings suggest that MIP-3a plays a major role in the attraction of LC precursors by keratinocyte supernatants activated with IL-1β and TNF-α.","Varying amounts of keratinocyte supernatants, when activated by IL-1β and TNF-α, influence the movement of CD1a+ Langerhans cell (LC) precursors. Specifically, activated keratinocyte supernatants induce migration of CD1a+ LC precursors, with a migration index ranging from 5 to 20. This effect is mediated by MIP-3α, as the migration is completely blocked by the addition of anti–MIP-3α antibody. Supernatants from unactivated keratinocytes do not induce migration, and the chemotactic effect of activated keratinocyte supernatants is dose-dependent, with as low as 12.5% of the supernatant inducing migration comparable to recombinant MIP-3α.","Varying amounts of keratinocyte supernatants influence the movement of CD1a+ Langerhans cell (LC) precursors under the influence of IL-1β and TNF-α. Specifically, activated keratinocyte supernatants induce migration of CD1a+ LC precursors, and this migration is completely blocked by the addition of an anti–MIP-3a antibody. The migration index of CD1a+ LC precursors induced by activated keratinocyte supernatants ranges from 5 to 20, and the anti–MIP-3a antibody consistently abolishes this activity. This indicates that MIP-3a is a key chemokine secreted by keratinocytes in response to IL-1β and TNF-α, and it plays a major role in attracting CD1a+ LC precursors.",PRIMARY_224,False,2,"The candidate answer correctly identifies that keratinocyte supernatants influence CD1a+ precursor cell movement under IL-1β and TNF-α, and introduces MIP-3a as a key chemokine. However, it does not mention the dose-dependent increase in migration with increasing supernatant concentration, which is a key point in the reference. The addition of MIP-3a and its role is a valid detail but not part of the reference, making it a minor unsupported claim.",OK,False,2,"The candidate answer is partially correct, as it correctly identifies that activated keratinocyte supernatants influence CD1a+ precursor cell migration and that the effect is dose-dependent. However, it introduces the role of MIP-3α and anti–MIP-3α antibody, which are not mentioned in the reference answer. This is a minor unsupported claim. The reference focuses on the presence of IL-1β and TNF-α as necessary for increased migration, which is not explicitly addressed in the candidate answer. The candidate covers the main idea but misses the essential point about the necessity of IL-1β and TNF-α for the observed effect.",OK,False,2,"The candidate answer correctly identifies that keratinocyte supernatants influence CD1a+ precursor cell migration under IL-1β and TNF-α, and introduces MIP-3a as a key chemokine involved. However, it does not mention the dose-dependent increase in migration with increasing supernatant concentration, which is a key point in the reference. The anti-MIP-3a antibody detail is not in the reference and is thus an unsupported addition. The answer partially addresses the question but misses a central quantitative finding.",OK,YES,RETRIEVE_MORE,5
HR068,unidoc_finance_0018,HIT_AT_3,"Based on the competitiveness data provided, Ireland's nominal labor expenses per unit increased significantly between 1999 and 2011. The decomposition of the increase in the REER (Real Effective Exchange Rate) for Ireland shows that the total REER increased by 34.1 percent during this period. This increase was partly due to a 13.0 percent change in the ratio of domestic and foreign real unit labor costs (u/u*), indicating a significant alteration in Ireland's nominal labor expenses per unit.",,,HUMAN_DIAGNOSTIC_6,False,2,"The candidate answer is partially correct in stating that Ireland's nominal labor expenses per unit increased significantly between 1999 and 2011, but it fails to mention the key turning point in 2009 when the increase stopped and the costs began to decrease. The answer also introduces unsupported information about the REER and the u/u* ratio, which are not relevant to the question and not mentioned in the reference. As a result, it is incomplete and includes unsupported claims.",OK,,,,UNAVAILABLE_EVIDENCE,,,,UNAVAILABLE_EVIDENCE,YES,RETRIEVE_MORE,4
HR072,unidoc_legal_0168,HIT_AT_3,"The key objectives outlined for groups focused on freeing occupied regions and dismantling adversary nations include the liberation of Palestine, the restoration of Islamic law and Khilafah (global leadership of Muslims), and the propagation of ideology through the use of the web. These groups also engage in criticizing their enemies, describing operations and rationales supported by Quranic verses, and using the web as a propaganda tool for their members.",,,HUMAN_DIAGNOSTIC_6,False,1,"The candidate answer introduces specific examples (e.g., liberation of Palestine, Islamic law, Khilafah) and methods (e.g., web propaganda) that are not mentioned in the reference answer. These are unsupported claims and not general objectives as outlined in the reference. The answer fails to address the key objectives stated in the reference (destruction of an enemy state and liberation of occupied territories) and instead provides a more specific and ideologically framed response.",OK,,,,UNAVAILABLE_EVIDENCE,,,,UNAVAILABLE_EVIDENCE,YES,RETRIEVE_MORE,9
