query_id,requested_top_k,document_chunk_count,query_embedding_latency_ms,retrieval_latency_ms,reranking_latency_ms,expanded_candidate_count,reranker_pair_count,query_embedding_batch_size,query_embedding_batch_latency_ms,new_candidate_count,E3_chunk_count,E6_chunk_count,E9_chunk_count,E3_text_chars,E6_text_chars,E9_text_chars,delta_chars_3_to_6,delta_chars_6_to_9,E3_text_tokens,E6_text_tokens,E9_text_tokens,delta_tokens_3_to_6,delta_tokens_6_to_9,original_top3_unique_pages,E6_unique_pages,E9_unique_pages,strict_E3_subset_E6_subset_E9,E6_complete,E9_complete,original_chunks_in_expanded_pool
unidoc_commerce_manufacturing_0003,30,18,41877.25020002108,3.2987999729812145,15086.217899923213,18,18,1,,15,3,6,9,5013,7038,10057,2025,3019,,,,,,3,6,9,True,True,True,3
unidoc_commerce_manufacturing_0010,30,4,32762.86789996084,3.5946000134572387,3398.827699944377,4,4,1,,1,3,4,4,9092,12095,12095,3003,0,,,,,,3,4,4,False,False,False,3
unidoc_commerce_manufacturing_0011,30,27,27673.28909994103,3.889900050126016,22579.14659997914,27,27,1,,24,3,6,9,3723,10696,18639,6973,7943,,,,,,3,6,9,True,True,True,3
unidoc_commerce_manufacturing_0022,30,18,38173.68410003837,2.4866999592632055,15070.5041999463,18,18,1,,15,3,6,9,5063,9295,12496,4232,3201,,,,,,3,6,9,True,True,True,3
unidoc_commerce_manufacturing_0032,30,11,30777.500599971972,1.7950000474229455,9216.560199973173,11,11,1,,8,3,6,9,4720,10262,16710,5542,6448,,,,,,3,6,9,True,True,True,3
unidoc_commerce_manufacturing_0034,30,14,24896.811199956574,2.1024999441578984,11739.877099986188,14,14,1,,11,3,6,9,8128,18235,29547,10107,11312,,,,,,3,5,8,True,True,True,3
unidoc_commerce_manufacturing_0036,30,22,22439.00519993622,3.054100088775158,18411.537899984978,22,22,1,,19,3,6,9,8285,17202,24536,8917,7334,,,,,,3,6,9,True,True,True,3
unidoc_commerce_manufacturing_0042,30,27,34081.24760002829,3.8751999381929636,22582.036700099707,27,27,1,,24,3,6,9,8256,14854,20056,6598,5202,,,,,,3,6,9,True,True,True,3
unidoc_commerce_manufacturing_0051,30,13,35739.43069996312,1.980499946512282,10912.963700015098,13,13,1,,10,3,6,9,5731,15031,21991,9300,6960,,,,,,3,6,9,True,True,True,3
unidoc_commerce_manufacturing_0083,30,10,32379.020599997602,2.1955000702291727,8378.389599965885,10,10,1,,7,3,6,9,5437,13704,15747,8267,2043,,,,,,3,6,9,True,True,True,3
unidoc_commerce_manufacturing_0099,30,11,23223.545499960892,3.6967999767512083,9232.947999960743,11,11,1,,8,3,6,9,6228,12507,18957,6279,6450,,,,,,3,6,9,True,True,True,3
unidoc_commerce_manufacturing_0108,30,8,17390.32430003863,1.2692000018432736,6723.842500010505,8,8,1,,5,3,6,8,11141,23748,26195,12607,2447,,,,,,3,6,6,True,True,False,3
unidoc_commerce_manufacturing_0120,30,13,21594.811099930666,4.177200025878847,10902.601900044829,13,13,1,,10,3,6,9,8054,16672,24129,8618,7457,,,,,,3,6,9,True,True,True,3
unidoc_commerce_manufacturing_0138,30,16,32436.58990005497,2.184299984946847,13389.871399966069,16,16,1,,13,3,6,9,6963,15052,21969,8089,6917,,,,,,3,6,9,True,True,True,3
unidoc_commerce_manufacturing_0143,30,21,20732.09169995971,2.649800037033856,17568.516799947247,21,21,1,,18,3,6,9,4030,8540,13625,4510,5085,,,,,,3,6,9,True,True,True,3
unidoc_commerce_manufacturing_0148,30,27,874.3528000777587,7.384399999864399,22601.363299996592,27,27,1,,24,3,6,9,6000,14108,22155,8108,8047,,,,,,3,6,9,True,True,True,3
unidoc_commerce_manufacturing_0158,30,9,880.2089999662712,2.669000066816807,7552.961600013077,9,9,1,,6,3,6,9,7408,14421,22712,7013,8291,,,,,,3,6,9,True,True,True,3
unidoc_commerce_manufacturing_0195,30,13,892.5572999287397,1.9141000229865313,10897.044299985282,13,13,1,,10,3,6,9,4092,12827,22202,8735,9375,,,,,,3,6,9,True,True,True,3
unidoc_construction_0001,30,25,,15.685299993492663,20919.272599974647,25,25,32,27341.432800050825,22,3,6,9,5943,18144,29816,12201,11672,,,,,,3,5,8,True,True,True,3
unidoc_construction_0015,30,5,904.5037999749184,1.1452999897301197,4238.64490003325,5,5,1,,2,3,5,5,7090,13735,13735,6645,0,,,,,,2,3,3,False,False,False,3
unidoc_construction_0017,30,17,,5.979999899864197,14231.827200041153,17,17,32,27341.432800050825,14,3,6,9,8597,17431,24814,8834,7383,,,,,,3,6,9,True,True,True,3
unidoc_construction_0038,30,27,,4.721199977211654,22628.382599912584,27,27,32,27341.432800050825,24,3,6,9,7440,17033,23645,9593,6612,,,,,,3,5,8,True,True,True,3
unidoc_construction_0045,30,6,,1.9920999184250832,5067.170900059864,6,6,32,27341.432800050825,3,3,6,6,8393,17139,17139,8746,0,,,,,,3,6,6,False,True,False,3
unidoc_construction_0047,30,8,,1.7958000535145402,6712.318999925628,8,8,32,27341.432800050825,5,3,6,8,11532,19770,25152,8238,5382,,,,,,3,6,6,True,True,False,3
unidoc_construction_0052,30,5,,1.2843000004068017,4219.552899943665,5,5,32,27341.432800050825,2,3,5,5,7121,13735,13735,6614,0,,,,,,2,3,3,False,False,False,3
unidoc_construction_0058,30,10,,5.271199974231422,8392.869899980724,10,10,32,27341.432800050825,7,3,6,9,8441,15189,21819,6748,6630,,,,,,3,6,9,True,True,True,3
unidoc_construction_0065,30,16,,6.600899971090257,13393.014600034803,16,16,32,27341.432800050825,13,3,6,9,7172,11272,17541,4100,6269,,,,,,3,6,9,True,True,True,3
unidoc_construction_0067,30,22,,3.94099997356534,18389.21080005821,22,22,32,27341.432800050825,19,3,6,9,5570,13167,17727,7597,4560,,,,,,3,6,9,True,True,True,3
unidoc_construction_0070,30,21,,3.0237999744713306,17590.477299992926,21,21,32,27341.432800050825,18,3,6,9,7958,17417,26049,9459,8632,,,,,,3,6,8,True,True,True,3
unidoc_construction_0073,30,14,,12.125900015234947,11729.996099951677,14,14,32,27341.432800050825,11,3,6,9,7804,18310,29216,10506,10906,,,,,,3,6,9,True,True,True,3
unidoc_construction_0075,30,21,,5.428100004792213,17555.688700056635,21,21,32,27341.432800050825,18,3,6,9,11842,19858,25545,8016,5687,,,,,,3,6,9,True,True,True,3
unidoc_construction_0078,30,15,,2.2242000559344888,12575.749399955384,15,15,32,27341.432800050825,12,3,6,9,10079,18497,27280,8418,8783,,,,,,2,5,7,True,True,True,3
unidoc_construction_0093,30,24,,3.174800076521933,20057.205399964005,24,24,32,27341.432800050825,21,3,6,9,5120,9196,11996,4076,2800,,,,,,3,6,9,True,True,True,3
unidoc_construction_0101,30,6,,3.5386000527068973,5058.732399949804,6,6,32,27341.432800050825,3,3,6,6,7573,13926,13926,6353,0,,,,,,3,6,6,False,True,False,3
unidoc_construction_0102,30,25,,5.363799980841577,20929.027499980293,25,25,32,27341.432800050825,22,3,6,9,8957,20928,33546,11971,12618,,,,,,2,5,8,True,True,True,3
unidoc_construction_0112,30,11,,1.7058000667020679,9248.207899974659,11,11,32,27341.432800050825,8,3,6,9,10567,19812,24190,9245,4378,,,,,,3,6,8,True,True,True,3
unidoc_construction_0114,30,13,,2.3204999743029475,10902.673000004143,13,13,32,27341.432800050825,10,3,6,9,3592,10004,15414,6412,5410,,,,,,3,6,9,True,True,True,3
unidoc_construction_0125,30,21,,6.583899958059192,17620.193000067957,21,21,32,27341.432800050825,18,3,6,9,11828,22163,31280,10335,9117,,,,,,3,5,7,True,True,True,3
unidoc_construction_0126,30,15,,4.78560000192374,12564.267300069332,15,15,32,27341.432800050825,12,3,6,9,6164,11425,14248,5261,2823,,,,,,3,6,9,True,True,True,3
unidoc_construction_0147,30,27,,6.5518999472260475,22555.68140000105,27,27,32,27341.432800050825,24,3,6,9,4101,9633,15610,5532,5977,,,,,,3,6,9,True,True,True,3
unidoc_construction_0150,30,22,,16.18080004118383,18434.09170000814,22,22,32,27341.432800050825,19,3,6,9,3084,9907,13483,6823,3576,,,,,,3,6,9,True,True,True,3
unidoc_construction_0151,30,26,,18.191900104284286,21723.10370008927,26,26,32,27341.432800050825,23,3,6,9,5811,5817,15102,6,9285,,,,,,3,6,9,True,True,True,3
unidoc_construction_0153,30,5,,3.7119999760761857,4302.267599967308,5,5,32,27341.432800050825,2,3,5,5,7121,13735,13735,6614,0,,,,,,2,3,3,False,False,False,3
unidoc_construction_0165,30,18,,2.4660000344738364,15087.308299960569,18,18,32,27341.432800050825,15,3,6,9,9937,18664,28721,8727,10057,,,,,,3,6,9,True,True,True,3
unidoc_construction_0174,30,8,,1.2580000329762697,6717.4984000157565,8,8,32,27341.432800050825,5,3,6,8,8231,14998,18506,6767,3508,,,,,,3,6,8,True,True,False,3
unidoc_construction_0175,30,12,,11.64420007262379,10044.68250006903,12,12,32,27341.432800050825,9,3,6,9,267,4901,9587,4634,4686,,,,,,3,6,9,True,True,True,3
unidoc_construction_0187,30,9,,7.053600042127073,7587.443399941549,9,9,32,27341.432800050825,6,3,6,9,6806,18591,29754,11785,11163,,,,,,3,6,9,True,True,True,3
unidoc_construction_0190,30,19,,13.18340003490448,15896.532300044782,19,19,32,27341.432800050825,16,3,6,9,3328,10449,15992,7121,5543,,,,,,3,6,9,True,True,True,3
unidoc_construction_0197,30,5,,1.5574999852105975,4221.406299970113,5,5,32,27341.432800050825,2,3,5,5,7121,13735,13735,6614,0,,,,,,2,3,3,False,False,False,3
unidoc_construction_0198,30,24,,3.2103999983519316,20075.347000034526,24,24,32,27341.432800050825,21,3,6,9,6362,8976,11612,2614,2636,,,,,,3,6,9,True,True,True,3
unidoc_construction_0199,30,27,,18.08740000706166,22570.84900001064,27,27,32,27341.432800050825,24,3,6,9,9640,19134,26767,9494,7633,,,,,,3,6,9,True,True,True,3
unidoc_crm_0001,30,20,,5.501799983903766,16722.267200006172,20,20,32,26858.72580006253,17,3,6,9,5507,9763,14077,4256,4314,,,,,,3,6,9,True,True,True,3
unidoc_crm_0008,30,13,,4.738799994811416,10919.461700017564,13,13,32,26858.72580006253,10,3,6,9,7116,14370,23803,7254,9433,,,,,,3,6,9,True,True,True,3
unidoc_crm_0012,30,25,,3.359499969519675,20925.640299916267,25,25,32,26858.72580006253,22,3,6,9,10545,20692,31862,10147,11170,,,,,,3,6,9,True,True,True,3
unidoc_crm_0022,30,9,,1.4312999555841088,7559.085599961691,9,9,32,26858.72580006253,6,3,6,9,2944,8547,12377,5603,3830,,,,,,3,6,9,True,True,True,3
unidoc_crm_0031,30,22,,15.153700020164251,18408.382099936716,22,22,32,26858.72580006253,19,3,6,9,11739,20041,29606,8302,9565,,,,,,3,6,8,True,True,True,3
unidoc_crm_0032,30,21,,15.223099966533482,17582.799500087276,21,21,32,26858.72580006253,18,3,6,9,5741,14105,19347,8364,5242,,,,,,3,6,9,True,True,True,3
unidoc_crm_0059,30,16,,11.568599962629378,13365.305299987085,16,16,32,26858.72580006253,13,3,6,9,6504,11669,17594,5165,5925,,,,,,3,6,9,True,True,True,3
unidoc_crm_0080,30,4,,0.7967000128701329,3381.9342999486253,4,4,32,26858.72580006253,1,3,4,4,5828,9764,9764,3936,0,,,,,,3,4,4,False,False,False,3
unidoc_crm_0082,30,11,,4.432699992321432,9222.196500049904,11,11,32,26858.72580006253,8,3,6,9,7385,14220,21605,6835,7385,,,,,,3,6,9,True,True,True,3
unidoc_crm_0086,30,21,,3.031900036148727,17579.74049996119,21,21,32,26858.72580006253,18,3,6,9,5741,12922,20159,7181,7237,,,,,,3,6,9,True,True,True,3
unidoc_crm_0090,30,13,,2.120399964042008,10883.158799959347,13,13,32,26858.72580006253,10,3,6,9,5180,11555,16615,6375,5060,,,,,,3,6,9,True,True,True,3
unidoc_crm_0100,30,21,,5.281100049614906,17553.520199959166,21,21,32,26858.72580006253,18,3,6,9,5741,12715,20462,6974,7747,,,,,,3,6,9,True,True,True,3
unidoc_crm_0104,30,8,,1.3041000347584486,6717.718000058085,8,8,32,26858.72580006253,5,3,6,8,9102,14428,20138,5326,5710,,,,,,3,6,8,True,True,False,3
unidoc_crm_0106,30,31,,4.538699984550476,25088.569200015627,30,30,32,26858.72580006253,27,3,6,9,10266,18655,27634,8389,8979,,,,,,3,6,9,True,True,True,3
unidoc_crm_0112,30,11,,1.6628000885248184,9208.343099919148,11,11,32,26858.72580006253,8,3,6,9,9555,17192,26684,7637,9492,,,,,,3,4,6,True,True,True,3
unidoc_crm_0138,30,7,,1.1288999812677503,5897.476300015114,7,7,32,26858.72580006253,4,3,6,7,5859,13166,14785,7307,1619,,,,,,3,6,7,True,True,False,3
unidoc_crm_0162,30,16,,2.3329000687226653,13392.098899930716,16,16,32,26858.72580006253,13,3,6,9,9824,18837,28397,9013,9560,,,,,,3,6,9,True,True,True,3
unidoc_crm_0168,30,21,,2.921000006608665,17535.368499928154,21,21,32,26858.72580006253,18,3,6,9,7722,13745,17653,6023,3908,,,,,,3,6,9,True,True,True,3
unidoc_crm_0174,30,4,,3.182100015692413,3379.7926999395713,4,4,32,26858.72580006253,1,3,4,4,10047,13367,13367,3320,0,,,,,,3,4,4,False,False,False,3
unidoc_crm_0181,30,8,,6.207300000824034,6696.494100033306,8,8,32,26858.72580006253,5,3,6,8,461,3255,4024,2794,769,,,,,,3,6,8,True,True,False,3
unidoc_crm_0185,30,8,,3.435900085605681,6719.62029999122,8,8,32,26858.72580006253,5,3,6,8,368,2591,4024,2223,1433,,,,,,3,6,8,True,True,False,3
unidoc_crm_0193,30,20,,5.106399999931455,16710.089699947275,20,20,32,26858.72580006253,17,3,6,9,5507,10370,14077,4863,3707,,,,,,3,6,9,True,True,True,3
unidoc_education_0006,30,30,,6.657499936409295,25082.859099959023,30,30,32,26858.72580006253,27,3,6,9,8390,20582,34228,12192,13646,,,,,,2,4,7,True,True,True,3
unidoc_education_0013,30,9,,4.1262999875471,7568.5316999442875,9,9,32,26858.72580006253,6,3,6,9,6415,14114,20203,7699,6089,,,,,,3,5,8,True,True,True,3
unidoc_education_0015,30,27,,6.338799954392016,22616.410800023004,27,27,32,26858.72580006253,24,3,6,9,3742,8437,15942,4695,7505,,,,,,3,6,9,True,True,True,3
unidoc_education_0018,30,8,,1.2792999623343349,6727.450200007297,8,8,32,26858.72580006253,5,3,6,8,7897,17667,24121,9770,6454,,,,,,3,6,8,True,True,False,3
unidoc_education_0022,30,21,,6.060000043362379,17572.533400030807,21,21,32,26858.72580006253,18,3,6,9,6477,11845,20434,5368,8589,,,,,,3,6,9,True,True,True,3
unidoc_education_0023,30,9,,1.485200016759336,7558.436500024982,9,9,32,26858.72580006253,6,3,6,9,9478,13672,20203,4194,6531,,,,,,3,6,8,True,True,True,3
unidoc_education_0024,30,42,,8.732100017368793,25083.590199938044,30,30,32,26858.72580006253,27,3,6,9,7863,17240,28429,9377,11189,,,,,,2,5,7,True,True,True,3
unidoc_education_0030,30,16,,3.046100027859211,13415.191899985075,16,16,32,26858.72580006253,13,3,6,9,6362,11618,17329,5256,5711,,,,,,3,6,9,True,True,True,3
unidoc_education_0034,30,16,,13.643199927173555,13390.909800073132,16,16,32,26858.72580006253,13,3,6,9,6362,11531,17329,5169,5798,,,,,,3,6,9,True,True,True,3
unidoc_education_0046,30,23,,6.253200001083314,19278.512499993667,23,23,32,26858.72580006253,20,3,6,9,4735,12347,17450,7612,5103,,,,,,3,6,9,True,True,True,3
unidoc_education_0048,30,19,,4.280799999833107,15877.763700089417,19,19,32,27268.150199903175,16,3,6,9,5363,10703,15844,5340,5141,,,,,,3,6,9,True,True,True,3
unidoc_education_0050,30,11,,8.495200076140463,9234.9909999175,11,11,32,27268.150199903175,8,3,6,9,8845,14593,22899,5748,8306,,,,,,3,6,8,True,True,True,3
unidoc_education_0054,30,25,,3.8873000303283334,20943.07260005735,25,25,32,27268.150199903175,22,3,6,9,8081,15860,25631,7779,9771,,,,,,3,6,9,True,True,True,3
unidoc_education_0056,30,14,,4.339299979619682,11720.615300000645,14,14,32,27268.150199903175,11,3,6,9,13063,14374,24809,1311,10435,,,,,,3,5,8,True,True,True,3
unidoc_education_0064,30,20,,5.660799914039671,16748.196000000462,20,20,32,27268.150199903175,17,3,6,9,13310,26386,36283,13076,9897,,,,,,3,5,7,True,True,True,3
unidoc_education_0072,30,20,,5.75589993968606,16725.782399997115,20,20,32,27268.150199903175,17,3,6,9,6066,12538,22936,6472,10398,,,,,,3,6,9,True,True,True,3
unidoc_education_0082,30,20,,5.515500088222325,16728.17169991322,20,20,32,27268.150199903175,17,3,6,9,8035,15867,25831,7832,9964,,,,,,3,6,9,True,True,True,3
unidoc_education_0099,30,30,,6.66730001103133,25139.45000001695,30,30,32,27268.150199903175,27,3,6,9,12583,25766,33664,13183,7898,,,,,,2,5,8,True,True,True,3
unidoc_education_0109,30,18,,4.92340000346303,15073.357900022529,18,18,32,27268.150199903175,15,3,6,9,8408,15814,22857,7406,7043,,,,,,3,6,9,True,True,True,3
unidoc_education_0116,30,21,,2.984900027513504,17575.5503999535,21,21,32,27268.150199903175,18,3,6,9,8206,19815,31228,11609,11413,,,,,,2,5,8,True,True,True,3
unidoc_education_0120,30,28,,3.9142000023275614,23414.961000089534,28,28,32,27268.150199903175,25,3,6,9,12194,21724,33554,9530,11830,,,,,,3,6,9,True,True,True,3
unidoc_education_0123,30,28,,3.7785000167787075,23452.515800017864,28,28,32,27268.150199903175,25,3,6,9,8696,17632,27556,8936,9924,,,,,,3,6,9,True,True,True,3
unidoc_education_0124,30,21,,5.08329994045198,17557.93510004878,21,21,32,27268.150199903175,18,3,6,9,8449,11845,19296,3396,7451,,,,,,3,6,9,True,True,True,3
unidoc_education_0130,30,42,,10.584599920548499,25084.23550007865,30,30,32,27268.150199903175,27,3,6,9,11163,20344,28273,9181,7929,,,,,,3,6,8,True,True,True,3
unidoc_education_0141,30,12,,1.7840999644249678,10059.578499989584,12,12,32,27268.150199903175,9,3,6,9,2675,10907,18880,8232,7973,,,,,,3,6,9,True,True,True,3
unidoc_education_0152,30,10,,7.553900009952486,8392.662500031292,10,10,32,27268.150199903175,7,3,6,9,5391,16059,24860,10668,8801,,,,,,2,4,6,True,True,True,3
unidoc_education_0153,30,49,,6.6627999767661095,25112.226500059478,30,30,32,27268.150199903175,27,3,6,9,9058,18887,31618,9829,12731,,,,,,3,5,7,True,True,True,3
unidoc_education_0178,30,21,,5.829500034451485,17602.355999988504,21,21,32,27268.150199903175,18,3,6,9,9583,19134,28276,9551,9142,,,,,,3,6,9,True,True,True,3
unidoc_education_0186,30,34,,5.889700027182698,25085.505399969406,30,30,32,27268.150199903175,27,3,6,9,9898,22352,30724,12454,8372,,,,,,2,5,8,True,True,True,3
unidoc_education_0191,30,31,,13.275399920530617,25097.772000008263,30,30,32,27268.150199903175,27,3,6,9,12022,21706,29471,9684,7765,,,,,,3,6,7,True,True,True,3
unidoc_education_0193,30,21,,2.9036999912932515,17618.76740003936,21,21,32,27268.150199903175,18,3,6,9,10010,21911,35574,11901,13663,,,,,,2,5,7,True,True,True,3
unidoc_education_0195,30,35,,22.079400019720197,25077.98569998704,30,30,32,27268.150199903175,27,3,6,9,12897,25498,39056,12601,13558,,,,,,3,6,9,True,True,True,3
unidoc_energy_0007,30,18,,2.463999902829528,15169.250800041482,18,18,32,27268.150199903175,15,3,6,9,5359,12082,19882,6723,7800,,,,,,3,6,9,True,True,True,3
unidoc_energy_0015,30,12,,2.6266000932082534,10052.591799991205,12,12,32,27268.150199903175,9,3,6,9,6489,10548,15334,4059,4786,,,,,,3,6,9,True,True,True,3
unidoc_energy_0016,30,30,,18.905899953097105,25077.330600004643,30,30,32,27268.150199903175,27,3,6,9,9493,23016,28550,13523,5534,,,,,,3,6,8,True,True,True,3
unidoc_energy_0027,30,38,,7.867899956181645,25134.189200005494,30,30,32,27268.150199903175,27,3,6,9,7746,20932,28474,13186,7542,,,,,,2,5,7,True,True,True,3
unidoc_energy_0032,30,11,,1.6651999903842807,9211.725399945863,11,11,32,27268.150199903175,8,3,6,9,8276,14159,20762,5883,6603,,,,,,3,6,9,True,True,True,3
unidoc_energy_0033,30,21,,14.983700006268919,17560.33170002047,21,21,32,27268.150199903175,18,3,6,9,8388,17861,28604,9473,10743,,,,,,3,6,9,True,True,True,3
unidoc_energy_0038,30,21,,2.7981000021100044,17579.303600010462,21,21,32,27268.150199903175,18,3,6,9,10310,18379,28892,8069,10513,,,,,,3,6,9,True,True,True,3
unidoc_energy_0041,30,6,,0.9766001021489501,5039.2696999479085,6,6,32,27268.150199903175,3,3,6,6,3167,13374,13374,10207,0,,,,,,3,6,6,False,True,False,3
unidoc_energy_0043,30,8,,3.3420000690966845,6732.424399931915,8,8,32,27268.150199903175,5,3,6,8,9176,15004,20185,5828,5181,,,,,,3,6,8,True,True,False,3
unidoc_energy_0052,30,25,,4.530600039288402,20948.67820001673,25,25,32,27268.150199903175,22,3,6,9,7744,15435,23408,7691,7973,,,,,,3,6,9,True,True,True,3
unidoc_energy_0060,30,8,,3.326399950310588,6705.294699990191,8,8,32,26853.439399972558,5,3,6,8,3511,6724,10230,3213,3506,,,,,,3,6,8,True,True,False,3
unidoc_energy_0071,30,10,,1.5468000201508403,8394.101700047031,10,10,32,26853.439399972558,7,3,6,9,12778,24960,28445,12182,3485,,,,,,3,5,6,True,True,True,3
unidoc_energy_0074,30,15,,2.1937000565230846,12572.336499928497,15,15,32,26853.439399972558,12,3,6,9,12670,22241,28602,9571,6361,,,,,,3,4,6,True,True,True,3
unidoc_energy_0086,30,10,,7.79469998087734,8380.459800013341,10,10,32,26853.439399972558,7,3,6,9,12386,19261,28320,6875,9059,,,,,,3,6,7,True,True,True,3
unidoc_energy_0092,30,24,,5.961599992588162,20084.75759997964,24,24,32,26853.439399972558,21,3,6,9,8610,16437,27034,7827,10597,,,,,,3,6,9,True,True,True,3
unidoc_energy_0112,30,21,,2.9710999224334955,17559.520500013605,21,21,32,26853.439399972558,18,3,6,9,8835,21322,29300,12487,7978,,,,,,3,6,9,True,True,True,3
unidoc_energy_0123,30,8,,1.3156000059098005,6719.261500053108,8,8,32,26853.439399972558,5,3,6,8,6092,12781,18808,6689,6027,,,,,,3,6,8,True,True,False,3
unidoc_energy_0139,30,21,,14.308800105936825,17581.53880003374,21,21,32,26853.439399972558,18,3,6,9,8732,17775,26572,9043,8797,,,,,,3,6,9,True,True,True,3
unidoc_energy_0149,30,18,,5.141100031323731,15085.302700055763,18,18,32,26853.439399972558,15,3,6,9,9267,11361,17119,2094,5758,,,,,,3,6,9,True,True,True,3
unidoc_energy_0166,30,11,,1.6544000245630741,9224.854800035246,11,11,32,26853.439399972558,8,3,6,9,8570,16899,25922,8329,9023,,,,,,3,6,9,True,True,True,3
unidoc_energy_0167,30,18,,5.251699942164123,15049.250000040047,18,18,32,26853.439399972558,15,3,6,9,8579,14879,18631,6300,3752,,,,,,3,6,9,True,True,True,3
unidoc_energy_0196,30,13,,2.0194000098854303,10898.97919993382,13,13,32,26853.439399972558,10,3,6,9,11626,23903,31103,12277,7200,,,,,,3,6,8,True,True,True,3
unidoc_finance_0017,30,6,,0.9695000480860472,5065.061999950558,6,6,32,26853.439399972558,3,3,6,6,8996,17984,17984,8988,0,,,,,,3,6,6,False,True,False,3
unidoc_finance_0021,30,34,,7.150799967348576,25143.123600049876,30,30,32,26853.439399972558,27,3,6,9,4247,12716,21834,8469,9118,,,,,,3,6,9,True,True,True,3
unidoc_finance_0027,30,25,,6.038599996827543,20936.3118999172,25,25,32,26853.439399972558,22,3,6,9,9723,19524,29048,9801,9524,,,,,,3,6,9,True,True,True,3
unidoc_finance_0034,30,25,,3.4570000134408474,20895.528899971396,25,25,32,26853.439399972558,22,3,6,9,9503,19357,29048,9854,9691,,,,,,3,6,9,True,True,True,3
unidoc_finance_0035,30,25,,4.942600033245981,20937.746400013566,25,25,32,26853.439399972558,22,3,6,9,8967,18988,30374,10021,11386,,,,,,3,6,9,True,True,True,3
unidoc_finance_0050,30,19,,5.163499969057739,15921.62969999481,19,19,32,26853.439399972558,16,3,6,9,4463,9241,14863,4778,5622,,,,,,3,6,9,True,True,True,3
unidoc_finance_0051,30,27,,4.163599922321737,22592.974100029096,27,27,32,26853.439399972558,24,3,6,9,6645,19730,31146,13085,11416,,,,,,3,5,7,True,True,True,3
unidoc_finance_0063,30,10,,3.7812000373378396,8401.931199943647,10,10,32,26853.439399972558,7,3,6,9,7136,10759,17713,3623,6954,,,,,,3,6,9,True,True,True,3
unidoc_finance_0065,30,11,,3.2944000558927655,9224.962099920958,11,11,32,26853.439399972558,8,3,6,9,4923,10307,15433,5384,5126,,,,,,3,6,9,True,True,True,3
unidoc_finance_0071,30,30,,6.168900057673454,25063.922000001185,30,30,32,26853.439399972558,27,3,6,9,6682,13328,22451,6646,9123,,,,,,3,6,9,True,True,True,3
unidoc_finance_0078,30,22,,5.2890999941155314,18424.044899991713,22,22,32,26853.439399972558,19,3,6,9,10574,18125,22835,7551,4710,,,,,,3,6,9,True,True,True,3
unidoc_finance_0079,30,28,,7.086699944920838,23413.50050002802,28,28,32,26853.439399972558,25,3,6,9,5985,14573,20459,8588,5886,,,,,,3,6,9,True,True,True,3
unidoc_finance_0090,30,30,,6.816499982960522,25139.711499912664,30,30,32,26853.439399972558,27,3,6,9,9775,17575,23740,7800,6165,,,,,,3,6,9,True,True,True,3
unidoc_finance_0110,30,12,,3.8432999281212687,10046.176100033335,12,12,32,26853.439399972558,9,3,6,9,2304,2614,2924,310,310,,,,,,3,6,9,True,True,True,3
unidoc_finance_0113,30,15,,2.255000057630241,12552.997799939476,15,15,32,26853.439399972558,12,3,6,9,5812,13155,18737,7343,5582,,,,,,3,6,9,True,True,True,3
unidoc_finance_0151,30,14,,4.9637999618425965,11729.938800097443,14,14,32,26853.439399972558,11,3,6,9,7531,15134,24012,7603,8878,,,,,,3,6,9,True,True,True,3
unidoc_finance_0163,30,19,,3.552399924956262,15887.805900070816,19,19,32,26853.439399972558,16,3,6,9,4463,8653,14551,4190,5898,,,,,,3,6,9,True,True,True,3
unidoc_finance_0168,30,11,,2.047399990260601,9234.258000040427,11,11,32,26853.439399972558,8,3,6,9,8276,14159,20762,5883,6603,,,,,,3,6,9,True,True,True,3
unidoc_finance_0182,30,23,,3.310499945655465,19238.145200069994,23,23,32,26853.439399972558,20,3,6,9,8241,19657,28732,11416,9075,,,,,,3,6,9,True,True,True,3
unidoc_finance_0183,30,21,,16.42540004104376,17592.867799918167,21,21,32,26853.439399972558,18,3,6,9,2629,8517,16219,5888,7702,,,,,,3,6,9,True,True,True,3
unidoc_finance_0184,30,21,,3.30700003542006,17549.31090003811,21,21,32,27101.27859993372,18,3,6,9,6191,12963,17714,6772,4751,,,,,,3,6,9,True,True,True,3
unidoc_finance_0185,30,12,,4.070500028319657,10052.304000011645,12,12,32,27101.27859993372,9,3,6,9,5795,9817,16864,4022,7047,,,,,,3,6,9,True,True,True,3
unidoc_finance_0192,30,23,,5.037799943238497,19274.765499983914,23,23,32,27101.27859993372,20,3,6,9,8238,14366,22639,6128,8273,,,,,,3,6,9,True,True,True,3
unidoc_finance_0195,30,23,,15.842899912968278,19233.70330000762,23,23,32,27101.27859993372,20,3,6,9,7306,17116,27196,9810,10080,,,,,,3,6,9,True,True,True,3
unidoc_finance_0196,30,27,,6.8734000669792295,22566.849099937826,27,27,32,27101.27859993372,24,3,6,9,9508,23673,34677,14165,11004,,,,,,3,6,8,True,True,True,3
unidoc_finance_0199,30,11,,8.321700035594404,9261.104400036857,11,11,32,27101.27859993372,8,3,6,9,10442,19329,27965,8887,8636,,,,,,3,6,9,True,True,True,3
unidoc_healthcare_0008,30,21,,4.4902999652549624,17591.359799960628,21,21,32,27101.27859993372,18,3,6,9,11733,20913,33369,9180,12456,,,,,,3,6,8,True,True,True,3
unidoc_healthcare_0015,30,16,,4.06700000166893,13399.206099915318,16,16,32,27101.27859993372,13,3,6,9,9465,19112,25959,9647,6847,,,,,,3,6,7,True,True,True,3
unidoc_healthcare_0020,30,20,,3.2555999932810664,16792.08139993716,20,20,32,27101.27859993372,17,3,6,9,13325,24929,35696,11604,10767,,,,,,3,6,8,True,True,True,3
unidoc_healthcare_0031,30,10,,4.088500048965216,8394.714600057341,10,10,32,27101.27859993372,7,3,6,9,7965,16575,24983,8610,8408,,,,,,3,5,7,True,True,True,3
unidoc_healthcare_0036,30,32,,5.371200037188828,25100.660299998708,30,30,32,27101.27859993372,27,3,6,9,10033,21922,34578,11889,12656,,,,,,3,5,8,True,True,True,3
unidoc_healthcare_0037,30,24,,6.128599983640015,20108.256100094877,24,24,32,27101.27859993372,21,3,6,9,12898,21314,26135,8416,4821,,,,,,3,6,8,True,True,True,3
unidoc_healthcare_0038,30,22,,3.0608000233769417,18423.758700024337,22,22,32,27101.27859993372,19,3,6,9,9745,20795,33753,11050,12958,,,,,,2,5,8,True,True,True,3
unidoc_healthcare_0043,30,18,,2.545800060033798,15091.08009992633,18,18,32,27101.27859993372,15,3,6,9,7502,20858,31839,13356,10981,,,,,,3,6,8,True,True,True,3
unidoc_healthcare_0050,30,16,,4.48190001770854,13440.084700006992,16,16,32,27101.27859993372,13,3,6,9,8409,18598,31147,10189,12549,,,,,,3,6,9,True,True,True,3
unidoc_healthcare_0053,30,21,,13.600099948234856,17593.34779996425,21,21,32,27101.27859993372,18,3,6,9,7066,19334,31375,12268,12041,,,,,,3,5,8,True,True,True,3
unidoc_healthcare_0055,30,17,,14.515800052322447,14360.205000033602,17,17,32,27101.27859993372,14,3,6,9,8635,17573,28578,8938,11005,,,,,,2,4,7,True,True,True,3
unidoc_healthcare_0056,30,16,,3.4202999668195844,13415.163600002415,16,16,32,27101.27859993372,13,3,6,9,8409,19763,32347,11354,12584,,,,,,3,6,9,True,True,True,3
unidoc_healthcare_0066,30,10,,7.558700046502054,8403.938799980097,10,10,32,27101.27859993372,7,3,6,9,8384,20631,30413,12247,9782,,,,,,2,5,7,True,True,True,3
unidoc_healthcare_0070,30,21,,4.601499997079372,17591.868599993177,21,21,32,27101.27859993372,18,3,6,9,7495,18578,24761,11083,6183,,,,,,2,5,8,True,True,True,3
unidoc_healthcare_0074,30,16,,2.4742999812588096,13454.999200068414,16,16,32,27101.27859993372,13,3,6,9,9931,22931,33574,13000,10643,,,,,,3,5,8,True,True,True,3
unidoc_healthcare_0075,30,31,,5.1145999459549785,25088.10289995745,30,30,32,27101.27859993372,27,3,6,9,11727,24592,31759,12865,7167,,,,,,3,6,8,True,True,True,3
unidoc_healthcare_0077,30,16,,2.2595999762415886,13432.064000051469,16,16,32,27101.27859993372,13,3,6,9,13529,26470,33574,12941,7104,,,,,,3,6,8,True,True,True,3
unidoc_healthcare_0078,30,15,,4.788400023244321,12579.053799971007,15,15,32,27101.27859993372,12,3,6,9,13727,24830,36024,11103,11194,,,,,,3,6,9,True,True,True,3
unidoc_healthcare_0083,30,29,,18.608600017614663,24234.87120005302,29,29,32,27101.27859993372,26,3,6,9,3259,8452,13245,5193,4793,,,,,,3,6,9,True,True,True,3
unidoc_healthcare_0085,30,19,,16.058600042015314,15949.777799891308,19,19,32,27101.27859993372,16,3,6,9,9321,22821,33537,13500,10716,,,,,,2,5,8,True,True,True,3
unidoc_healthcare_0096,30,12,,4.272899939678609,10055.493600084446,12,12,32,27101.27859993372,9,3,6,9,6181,10400,17069,4219,6669,,,,,,3,6,9,True,True,True,3
unidoc_healthcare_0100,30,18,,5.018999916501343,15090.503800078295,18,18,32,27101.27859993372,15,3,6,9,6194,17725,31306,11531,13581,,,,,,3,5,8,True,True,True,3
unidoc_healthcare_0115,30,26,,18.930900027044117,21777.425699983723,26,26,32,27101.27859993372,23,3,6,9,6754,12662,20159,5908,7497,,,,,,3,6,9,True,True,True,3
unidoc_healthcare_0119,30,26,,6.187599967233837,21741.61989998538,26,26,32,27101.27859993372,23,3,6,9,8825,15290,21708,6465,6418,,,,,,3,6,9,True,True,True,3
unidoc_healthcare_0121,30,10,,7.604600046761334,8393.512399983592,10,10,32,27101.27859993372,7,3,6,9,7639,12894,20060,5255,7166,,,,,,3,6,9,True,True,True,3
unidoc_healthcare_0123,30,20,,14.3716000020504,16743.939500069246,20,20,32,27101.27859993372,17,3,6,9,7703,20956,29406,13253,8450,,,,,,3,6,8,True,True,True,3
unidoc_healthcare_0126,30,12,,2.0904999691993,10082.192500005476,12,12,32,26928.723699995317,9,3,6,9,11610,21048,27656,9438,6608,,,,,,3,5,7,True,True,True,3
unidoc_healthcare_0129,30,16,,2.5132999289780855,13413.311199983582,16,16,32,26928.723699995317,13,3,6,9,14262,24006,34171,9744,10165,,,,,,3,5,6,True,True,True,3
unidoc_healthcare_0135,30,22,,5.88640000205487,18454.904500045814,22,22,32,26928.723699995317,19,3,6,9,8447,17335,30438,8888,13103,,,,,,3,5,6,True,True,True,3
unidoc_healthcare_0140,30,32,,6.644199951551855,25129.38459997531,30,30,32,26928.723699995317,27,3,6,9,9507,19132,31653,9625,12521,,,,,,3,6,8,True,True,True,3
unidoc_healthcare_0142,30,22,,5.772699951194227,18432.846499956213,22,22,32,26928.723699995317,19,3,6,9,8392,22412,31469,14020,9057,,,,,,2,5,7,True,True,True,3
unidoc_healthcare_0143,30,50,17621.22279999312,18.427900038659573,25493.232399923727,30,30,1,,27,3,6,9,17365,38594,56963,21229,18369,,,,,,2,5,6,True,True,True,3
unidoc_healthcare_0147,30,20,,14.950999990105629,16759.802100015804,20,20,32,26928.723699995317,17,3,6,9,8662,14094,22712,5432,8618,,,,,,3,6,9,True,True,True,3
unidoc_healthcare_0148,30,15,,3.750200034119189,12558.711999910884,15,15,32,26928.723699995317,12,3,6,9,7698,15266,23278,7568,8012,,,,,,3,6,9,True,True,True,3
unidoc_healthcare_0151,30,28,,6.097599980421364,23402.12490002159,28,28,32,26928.723699995317,25,3,6,9,11494,22333,30851,10839,8518,,,,,,3,6,9,True,True,True,3
unidoc_healthcare_0153,30,18,,5.264400038868189,15082.198400050402,18,18,32,26928.723699995317,15,3,6,9,5241,9611,16136,4370,6525,,,,,,3,6,9,True,True,True,3
unidoc_healthcare_0162,30,12,,3.160300082527101,10077.400999958627,12,12,32,26928.723699995317,9,3,6,9,12476,20904,32937,8428,12033,,,,,,3,6,9,True,True,True,3
unidoc_healthcare_0166,30,9,,6.987000000663102,7565.759299905039,9,9,32,26928.723699995317,6,3,6,9,7994,17367,25764,9373,8397,,,,,,3,6,9,True,True,True,3
unidoc_healthcare_0167,30,18,,13.027000008150935,15065.568700083531,18,18,32,26928.723699995317,15,3,6,9,11048,20117,30184,9069,10067,,,,,,3,6,9,True,True,True,3
unidoc_healthcare_0169,30,15,,4.064899985678494,12578.500999952666,15,15,32,26928.723699995317,12,3,6,9,9306,22535,33922,13229,11387,,,,,,3,6,8,True,True,True,3
unidoc_healthcare_0170,30,15,,3.5007999977096915,12659.908200032078,15,15,32,26928.723699995317,12,3,6,9,12664,23970,36024,11306,12054,,,,,,3,6,9,True,True,True,3
unidoc_healthcare_0171,30,15,,4.901899956166744,12563.860099995509,15,15,32,26928.723699995317,12,3,6,9,11241,20450,31358,9209,10908,,,,,,2,5,8,True,True,True,3
unidoc_healthcare_0172,30,23,,3.1356000108644366,19233.184700016864,23,23,32,26928.723699995317,20,3,6,9,8378,18146,23554,9768,5408,,,,,,3,5,8,True,True,True,3
unidoc_healthcare_0177,30,17,,2.3523999843746424,14271.731699933298,17,17,32,26928.723699995317,14,3,6,9,7945,13878,24090,5933,10212,,,,,,2,5,7,True,True,True,3
unidoc_healthcare_0178,30,8,,1.4125000452622771,6734.263699967414,8,8,32,26928.723699995317,5,3,6,8,11454,18850,21847,7396,2997,,,,,,3,5,7,True,True,False,3
unidoc_healthcare_0182,30,18,,4.811699967831373,15100.54160002619,18,18,32,26928.723699995317,15,3,6,9,8704,16591,30721,7887,14130,,,,,,3,5,7,True,True,True,3
unidoc_healthcare_0184,30,24,,4.9912999384105206,20060.004699975252,24,24,32,26928.723699995317,21,3,6,9,10044,16248,24350,6204,8102,,,,,,3,6,9,True,True,True,3
unidoc_healthcare_0187,30,22,,14.774599927477539,18401.24689997174,22,22,32,26928.723699995317,19,3,6,9,11425,23546,35729,12121,12183,,,,,,2,5,8,True,True,True,3
unidoc_healthcare_0196,30,10,,3.4653000766411424,8401.513899909332,10,10,32,26928.723699995317,7,3,6,9,7838,13833,21781,5995,7948,,,,,,3,6,9,True,True,True,3
unidoc_healthcare_0197,30,14,,4.17369999922812,11722.153099952266,14,14,32,26928.723699995317,11,3,6,9,10616,18754,28913,8138,10159,,,,,,3,5,8,True,True,True,3
unidoc_healthcare_0200,30,18,,2.4507000343874097,15055.476699955761,18,18,32,26928.723699995317,15,3,6,9,9434,19801,29343,10367,9542,,,,,,2,5,8,True,True,True,3
unidoc_legal_0015,30,27,,12.14320003055036,22589.20509996824,27,27,32,26928.723699995317,24,3,6,9,4925,9263,13948,4338,4685,,,,,,3,6,9,True,True,True,3
unidoc_legal_0019,30,16,,11.193400016054511,13415.974900010042,16,16,32,26928.723699995317,13,3,6,9,8662,18329,24620,9667,6291,,,,,,3,6,9,True,True,True,3
unidoc_legal_0023,30,27,,6.248099962249398,22540.87799997069,27,27,32,26928.723699995317,24,3,6,9,5532,8977,12106,3445,3129,,,,,,3,6,9,True,True,True,3
unidoc_legal_0028,30,30,,7.632200024090707,25050.038199988194,30,30,32,26928.723699995317,27,3,6,9,7836,13081,19876,5245,6795,,,,,,3,6,9,True,True,True,3
unidoc_legal_0033,30,14,,1.9676999654620886,11729.83910003677,14,14,32,26928.723699995317,11,3,6,9,6435,10351,13895,3916,3544,,,,,,3,6,9,True,True,True,3
unidoc_legal_0060,30,27,,5.3767000790685415,22558.784499997273,27,27,32,26928.723699995317,24,3,6,9,2913,7801,12774,4888,4973,,,,,,3,6,9,True,True,True,3
unidoc_legal_0067,30,26,,3.3623999916017056,21780.420000082813,26,26,32,26928.723699995317,23,3,6,9,10047,15624,24962,5577,9338,,,,,,3,6,9,True,True,True,3
unidoc_legal_0071,30,27,,5.736699909903109,22522.685200092383,27,27,32,26928.723699995317,24,3,6,9,6490,10150,13769,3660,3619,,,,,,3,6,9,True,True,True,3
unidoc_legal_0105,30,27,,5.4425999987870455,22582.940899999812,27,27,12,10254.691899986938,24,3,6,9,6490,10109,13317,3619,3208,,,,,,3,6,9,True,True,True,3
unidoc_legal_0133,30,16,,4.035200108774006,13388.783500064164,16,16,12,10254.691899986938,13,3,6,9,8530,17433,25118,8903,7685,,,,,,3,6,9,True,True,True,3
unidoc_legal_0135,30,6,,3.7743999855592847,5048.386099981144,6,6,12,10254.691899986938,3,3,6,6,5340,12014,12014,6674,0,,,,,,3,6,6,False,True,False,3
unidoc_legal_0141,30,23,,16.36160002090037,19194.445599918254,23,23,12,10254.691899986938,20,3,6,9,233,592,952,359,360,,,,,,3,6,9,True,True,True,3
unidoc_legal_0149,30,17,,11.807600036263466,14218.4632999124,17,17,12,10254.691899986938,14,3,6,9,4420,6961,10790,2541,3829,,,,,,3,6,9,True,True,True,3
unidoc_legal_0151,30,7,,3.2902000239118934,5882.713100058027,7,7,12,10254.691899986938,4,3,6,7,2269,7796,9359,5527,1563,,,,,,3,6,7,True,True,False,3
unidoc_legal_0153,30,28,,6.402399973012507,23449.714499991387,28,28,12,10254.691899986938,25,3,6,9,14033,24609,35163,10576,10554,,,,,,3,5,7,True,True,True,3
unidoc_legal_0159,30,30,,18.415299942716956,25062.4581000302,30,30,12,10254.691899986938,27,3,6,9,7986,12995,17074,5009,4079,,,,,,3,6,9,True,True,True,3
unidoc_legal_0160,30,10,,4.516599932685494,8385.275800013915,10,10,12,10254.691899986938,7,3,6,9,7554,19575,26090,12021,6515,,,,,,3,6,6,True,True,True,3
unidoc_legal_0161,30,26,,4.5492000645026565,21722.05560002476,26,26,12,10254.691899986938,23,3,6,9,5863,12298,17970,6435,5672,,,,,,3,6,9,True,True,True,3
unidoc_legal_0166,30,27,,5.946499994024634,22646.18469995912,27,27,12,10254.691899986938,24,3,6,9,5065,9885,12934,4820,3049,,,,,,3,6,9,True,True,True,3
unidoc_legal_0200,30,26,,5.989599972963333,21719.532900024205,26,26,12,10254.691899986938,23,3,6,9,3268,8460,15629,5192,7169,,,,,,3,6,9,True,True,True,3
