population_or_cohort,n,state_pair,transition,count
PRIMARY_COMPLETE_PAIRED,212,E3_to_E6,WRONG_TO_CORRECT,47
PRIMARY_COMPLETE_PAIRED,212,E3_to_E6,CORRECT_TO_WRONG,9
PRIMARY_COMPLETE_PAIRED,212,E3_to_E6,WRONG_TO_WRONG,111
PRIMARY_COMPLETE_PAIRED,212,E3_to_E6,CORRECT_TO_CORRECT,45
PRIMARY_COMPLETE_PAIRED,212,E6_to_E9,WRONG_TO_CORRECT,13
PRIMARY_COMPLETE_PAIRED,212,E6_to_E9,CORRECT_TO_WRONG,10
PRIMARY_COMPLETE_PAIRED,212,E6_to_E9,WRONG_TO_WRONG,107
PRIMARY_COMPLETE_PAIRED,212,E6_to_E9,CORRECT_TO_CORRECT,82
PRIMARY_COMPLETE_PAIRED,212,E3_to_E9,WRONG_TO_CORRECT,47
PRIMARY_COMPLETE_PAIRED,212,E3_to_E9,CORRECT_TO_WRONG,6
PRIMARY_COMPLETE_PAIRED,212,E3_to_E9,WRONG_TO_WRONG,111
PRIMARY_COMPLETE_PAIRED,212,E3_to_E9,CORRECT_TO_CORRECT,48
MISS_AT_3_HIT_AT_6,163,E3_to_E6,WRONG_TO_CORRECT,40
MISS_AT_3_HIT_AT_6,163,E3_to_E6,CORRECT_TO_WRONG,7
MISS_AT_3_HIT_AT_6,163,E3_to_E6,WRONG_TO_WRONG,75
MISS_AT_3_HIT_AT_6,163,E3_to_E6,CORRECT_TO_CORRECT,41
MISS_AT_3_HIT_AT_6,163,E6_to_E9,WRONG_TO_CORRECT,9
MISS_AT_3_HIT_AT_6,163,E6_to_E9,CORRECT_TO_WRONG,6
MISS_AT_3_HIT_AT_6,163,E6_to_E9,WRONG_TO_WRONG,73
MISS_AT_3_HIT_AT_6,163,E6_to_E9,CORRECT_TO_CORRECT,75
MISS_AT_3_HIT_AT_6,163,E3_to_E9,WRONG_TO_CORRECT,42
MISS_AT_3_HIT_AT_6,163,E3_to_E9,CORRECT_TO_WRONG,6
MISS_AT_3_HIT_AT_6,163,E3_to_E9,WRONG_TO_WRONG,73
MISS_AT_3_HIT_AT_6,163,E3_to_E9,CORRECT_TO_CORRECT,42
MISS_AT_6_HIT_AT_9,22,E3_to_E6,WRONG_TO_CORRECT,6
MISS_AT_6_HIT_AT_9,22,E3_to_E6,CORRECT_TO_WRONG,1
MISS_AT_6_HIT_AT_9,22,E3_to_E6,WRONG_TO_WRONG,15
MISS_AT_6_HIT_AT_9,22,E3_to_E6,CORRECT_TO_CORRECT,0
MISS_AT_6_HIT_AT_9,22,E6_to_E9,WRONG_TO_CORRECT,3
MISS_AT_6_HIT_AT_9,22,E6_to_E9,CORRECT_TO_WRONG,3
MISS_AT_6_HIT_AT_9,22,E6_to_E9,WRONG_TO_WRONG,13
MISS_AT_6_HIT_AT_9,22,E6_to_E9,CORRECT_TO_CORRECT,3
MISS_AT_6_HIT_AT_9,22,E3_to_E9,WRONG_TO_CORRECT,5
MISS_AT_6_HIT_AT_9,22,E3_to_E9,CORRECT_TO_WRONG,0
MISS_AT_6_HIT_AT_9,22,E3_to_E9,WRONG_TO_WRONG,16
MISS_AT_6_HIT_AT_9,22,E3_to_E9,CORRECT_TO_CORRECT,1
MISS_AT_9,27,E3_to_E6,WRONG_TO_CORRECT,1
MISS_AT_9,27,E3_to_E6,CORRECT_TO_WRONG,1
MISS_AT_9,27,E3_to_E6,WRONG_TO_WRONG,21
MISS_AT_9,27,E3_to_E6,CORRECT_TO_CORRECT,4
MISS_AT_9,27,E6_to_E9,WRONG_TO_CORRECT,1
MISS_AT_9,27,E6_to_E9,CORRECT_TO_WRONG,1
MISS_AT_9,27,E6_to_E9,WRONG_TO_WRONG,21
MISS_AT_9,27,E6_to_E9,CORRECT_TO_CORRECT,4
MISS_AT_9,27,E3_to_E9,WRONG_TO_CORRECT,0
MISS_AT_9,27,E3_to_E9,CORRECT_TO_WRONG,0
MISS_AT_9,27,E3_to_E9,WRONG_TO_WRONG,22
MISS_AT_9,27,E3_to_E9,CORRECT_TO_CORRECT,5
HUMAN_MISS16,15,E3_to_E6,WRONG_TO_CORRECT,7
HUMAN_MISS16,15,E3_to_E6,CORRECT_TO_WRONG,0
HUMAN_MISS16,15,E3_to_E6,WRONG_TO_WRONG,7
HUMAN_MISS16,15,E3_to_E6,CORRECT_TO_CORRECT,1
HUMAN_MISS16,15,E6_to_E9,WRONG_TO_CORRECT,0
HUMAN_MISS16,15,E6_to_E9,CORRECT_TO_WRONG,1
HUMAN_MISS16,15,E6_to_E9,WRONG_TO_WRONG,7
HUMAN_MISS16,15,E6_to_E9,CORRECT_TO_CORRECT,7
HUMAN_MISS16,15,E3_to_E9,WRONG_TO_CORRECT,6
HUMAN_MISS16,15,E3_to_E9,CORRECT_TO_WRONG,0
HUMAN_MISS16,15,E3_to_E9,WRONG_TO_WRONG,8
HUMAN_MISS16,15,E3_to_E9,CORRECT_TO_CORRECT,1
PRIMARY_AVAILABLE_PAIR,215,E3_to_E6,WRONG_TO_CORRECT,48
PRIMARY_AVAILABLE_PAIR,215,E3_to_E6,CORRECT_TO_WRONG,9
PRIMARY_AVAILABLE_PAIR,215,E3_to_E6,WRONG_TO_WRONG,113
PRIMARY_AVAILABLE_PAIR,215,E3_to_E6,CORRECT_TO_CORRECT,45
PRIMARY_AVAILABLE_PAIR,214,E6_to_E9,WRONG_TO_CORRECT,13
PRIMARY_AVAILABLE_PAIR,214,E6_to_E9,CORRECT_TO_WRONG,10
PRIMARY_AVAILABLE_PAIR,214,E6_to_E9,WRONG_TO_WRONG,108
PRIMARY_AVAILABLE_PAIR,214,E6_to_E9,CORRECT_TO_CORRECT,83
PRIMARY_AVAILABLE_PAIR,215,E3_to_E9,WRONG_TO_CORRECT,48
PRIMARY_AVAILABLE_PAIR,215,E3_to_E9,CORRECT_TO_WRONG,7
PRIMARY_AVAILABLE_PAIR,215,E3_to_E9,WRONG_TO_WRONG,112
PRIMARY_AVAILABLE_PAIR,215,E3_to_E9,CORRECT_TO_CORRECT,48
