review_id,query_id,document_id,rank1_page,historical_FV_correct,fresh_rank1_correct,rank1_repeat_correct,historical_FT_correct,fresh_TEXT_ONLY_correct,FV_vs_fresh_answer_changed,rank1_vs_repeat_answer_changed,FT_vs_fresh_text_answer_changed,FV_vs_fresh_label_changed,rank1_vs_repeat_label_changed,FT_vs_fresh_label_changed,fresh_rank1_status,repeat_status,fresh_text_status,historical_FV_answer,fresh_rank1_answer,rank1_repeat_answer,historical_FT_answer,fresh_TEXT_ONLY_answer
P2B_S1_001,unidoc_commerce_manufacturing_0002,6109033,8,False,False,False,False,False,True,True,True,False,False,False,OK,OK,OK,"The retrieved text states that the Nichi-Doku-Kōgyō-Kōkoku from 1897 included an advertisement for the German machine works A. Borsig. The advertisement provided the year of foundation, the location of its headquarters, and the industrial products along with their qualities and performance. However, the specific products advertised by A. Borsig are not named in the retrieved text.","The retrieved document evidence indicates that A. Borsig, a German machine works, advertised in the 1897 Nichi-Doku-Kōgyō-Kōkoku. The advertisement included the year of foundation, the location of its headquarters, and the industrial products along with their qualities and performance. However, the specific products advertised by A. Borsig are not identified in the provided text.","The retrieved text states that A. Borsig's advertisement in the 1897 Nichi-Doku-Kōgyō-Kōkoku included the year of foundation, the location of its headquarters, and the industrial products along with their qualities and performance. However, the specific products advertised by A. Borsig are not identified in the provided text.","The document mentions an advertisement for the German machine works A. Borsig in the Nichi-Doku-Kōgyō-Kōkoku from 1897. It states that the advertisement included the year of foundation, the location of its headquarters, and the industrial products along with their qualities and performance. However, the specific products advertised by A. Borsig are not detailed in the provided text.","The retrieved document mentions an advertisement for the German machine works A. Borsig in the Nichi-Doku-Kōgyō-Kōkoku from 1897. It states that the advertisement included the year of foundation, the location of its headquarters, and the industrial products along with their qualities and performance. However, the specific products advertised by A. Borsig are not detailed in the provided text."
P2B_S1_002,unidoc_commerce_manufacturing_0031,2762994,18,False,True,True,False,False,True,False,False,True,False,False,OK,OK,OK,The information provided does not include any slogans or phrases prominently displayed during SKF trade union meetings related to precarious work.,The information provided does not mention any specific slogans or phrases prominently displayed during SKF trade union meetings related to precarious work.,The information provided does not mention any specific slogans or phrases prominently displayed during SKF trade union meetings related to precarious work.,"The slogan ""Same work – Same pay – Same Working Conditions"" is prominently displayed during SKF trade union meetings related to precarious work.","The slogan ""Same work – Same pay – Same Working Conditions"" is prominently displayed during SKF trade union meetings related to precarious work."
P2B_S1_003,unidoc_commerce_manufacturing_0035,6532134,2,False,False,False,False,False,False,False,False,False,False,False,OK,OK,OK,"The information provided does not specify the different shipping options or their costs for an online purchase process. The text discusses the PrimeLife Checkout user interface, focusing on privacy and data control during the checkout process, but does not mention specific shipping methods or associated prices.","The information provided does not specify the different shipping options or their costs for an online purchase process. The text discusses the PrimeLife Checkout user interface, focusing on privacy and data control during the checkout process, but does not mention specific shipping methods or associated prices.","The information provided does not specify the different shipping options or their costs for an online purchase process. The text discusses the PrimeLife Checkout user interface, focusing on privacy and data control during the checkout process, but does not mention specific shipping methods or associated prices.",The provided text does not specify the different shipping options and their costs for an online purchase process.,The provided text does not specify the different shipping options and their costs for an online purchase process.
P2B_S1_004,unidoc_construction_0068,4228468,8,False,False,False,False,False,False,False,False,False,False,False,OK,OK,OK,The information regarding the size of the master sleeping area in the villa design detailed in Samaru Journal of Information Studies Vol. 7 (1) 2007 is not supported by the currently retrieved evidence.,The information regarding the size of the master sleeping area in the villa design detailed in Samaru Journal of Information Studies Vol. 7 (1) 2007 is not supported by the currently retrieved evidence.,The information regarding the size of the master sleeping area in the villa design detailed in Samaru Journal of Information Studies Vol. 7 (1) 2007 is not supported by the currently retrieved evidence.,The information regarding the size of the master sleeping area in the villa design detailed in Samaru Journal of Information Studies Vol. 7 (1) 2007 is not supported by the currently retrieved evidence.,The information regarding the size of the master sleeping area in the villa design detailed in Samaru Journal of Information Studies Vol. 7 (1) 2007 is not supported by the currently retrieved evidence.
P2B_S1_005,unidoc_construction_0161,3147496,15,False,False,False,False,,True,False,True,False,False,,OK,OK,JUDGE_ERROR_UNAVAILABLE,"From 1945 to 1972, the northern part of the Gialos shoreline experienced significant erosion, with erosion rates exceeding 0.50 m/yr in several areas. In contrast, the southern part showed a mix of erosion and accretion. By 1972–2000, the northern part transitioned to accretion or reduced erosion, as indicated by green and yellow colors in the visual context. Meanwhile, the southern part shifted to more intense erosion, with a significant increase in red and orange colors, indicating higher erosion rates. This period saw a reversal in trends: the northern part moved from erosion to accretion, while the southern part experienced a shift toward more severe erosion.","From 1945 to 1972, the northern part of the Gialos shoreline experienced significant erosion, with erosion rates exceeding 0.50 m/yr. In contrast, the southern part showed mixed patterns of erosion and accretion. By 1972–2000, the northern part transitioned to accretion or reduced erosion, as indicated by green and yellow colors in the visual context. Meanwhile, the southern part shifted to more intense erosion, with a significant increase in red and orange colors, indicating higher erosion rates. This period saw erosion prevail in a wider area in the southern part of the shoreline.","From 1945 to 1972, the northern part of the Gialos shoreline experienced significant erosion, with erosion rates exceeding 0.50 m/yr. In contrast, the southern part showed mixed patterns of erosion and accretion. By 1972–2000, the northern part transitioned to accretion or reduced erosion, as indicated by green and yellow colors in the visual context. Meanwhile, the southern part shifted to more intense erosion, with a significant increase in red and orange colors, indicating higher erosion rates. This period saw erosion prevail in a wider area in the southern part of the shoreline.","From 1945 to 1972, in the Gialos shoreline, accretion was active in 45% of the beach length (2400 m), while erosion affected 55% of the beach length (2900 m). Maximum accretion was 22 m, and maximum erosion was 30 m. 

From 1972 to 2000, the pattern changed, with accretion active in 53% of the beach length (2800 m) and erosion in 47% of the beach length (2500 m). Maximum accretion increased to 62 m, and maximum erosion reached 37 m. 

At the southern end of the shoreline, erosion prevailed in both periods but had a wider impact in the 1972–2000 period.","From 1945 to 1972, in the Gialos shoreline, accretion was active in 2400 m (45% of the beach length), and erosion occurred in 2900 m (55% of the beach length). Maximum accretion was 22 m, and maximum erosion was 30 m. 

From 1972 to 2000, the pattern changed in Gialos, with accretion active in 2800 m (53% of the beach length) and erosion in 2500 m (47% of the beach length). Maximum accretion increased to 62 m, and maximum erosion reached 37 m. 

In the southern part of the Gialos shoreline, erosion prevailed in both periods but affected a wider area in the 1972–2000 period."
P2B_S1_006,unidoc_construction_0189,5254543,4,False,False,False,False,False,False,False,False,False,False,False,OK,OK,OK,"The information is not supported by the currently retrieved evidence. The provided text does not mention ""blending moments"" or their percentage difference for the pliantness parameter of 1.00 when moving from point 4 to point 10.","The information is not supported by the currently retrieved evidence. The provided text does not mention ""blending moments"" or their percentage difference for the pliantness parameter of 1.00 when moving from point 4 to point 10.","The information is not supported by the currently retrieved evidence. The provided text does not mention ""blending moments"" or their percentage difference for the pliantness parameter of 1.00 when moving from point 4 to point 10.","The blending moments difference when the pliantness parameter is 1.00, moving from point 4 to point 10, is not explicitly provided in the given text. Therefore, the information is not supported by the currently retrieved evidence.","The blending moments difference when the pliantness parameter is 1.00, moving from point 4 to point 10, is not explicitly provided in the given text. Therefore, the information is not supported by the currently retrieved evidence."
P2B_S1_007,unidoc_crm_0041,7453427,2,False,False,False,False,False,False,False,False,False,False,False,OK,OK,OK,The information is not supported by the currently retrieved evidence.,The information is not supported by the currently retrieved evidence.,The information is not supported by the currently retrieved evidence.,The information is not supported by the currently retrieved evidence.,The information is not supported by the currently retrieved evidence.
P2B_S1_008,unidoc_crm_0131,3492507,7,False,,,False,,False,False,False,,,,JUDGE_ERROR_UNAVAILABLE,JUDGE_ERROR_UNAVAILABLE,JUDGE_ERROR_UNAVAILABLE,"The educational and resource initiatives outlined by the Minister for accessibility in Manitoba for the fiscal years 2021/22 and 2022/23 include:

1. Introduction of an online learning portal in 2021 to support AMA learning and training opportunities, accessible anytime from anywhere.
2. Ongoing webinar training opportunities until in-person workshops and presentations resume.
3. Proactive awareness raising and support of compliance measures under the Accessibility for Manitobans Act (AMA).
4. Implementation of strategic compliance projects, such as dedicated reviews and audits of accessibility plans and policies.","The educational and resource initiatives outlined by the Minister for accessibility in Manitoba for the fiscal years 2021/22 and 2022/23 include:

1. Introduction of an online learning portal in 2021 to support AMA learning and training opportunities, accessible anytime from anywhere.
2. Ongoing webinar training opportunities until in-person workshops and presentations resume.
3. Proactive awareness raising and support of compliance measures under the Accessibility for Manitobans Act (AMA).
4. Implementation of strategic compliance projects, such as dedicated reviews and audits of accessibility plans and policies.","The educational and resource initiatives outlined by the Minister for accessibility in Manitoba for the fiscal years 2021/22 and 2022/23 include:

1. Introduction of an online learning portal in 2021 to support AMA learning and training opportunities, accessible anytime from anywhere.
2. Ongoing webinar training opportunities until in-person workshops and presentations resume.
3. Proactive awareness raising and support of compliance measures under the Accessibility for Manitobans Act (AMA).
4. Implementation of strategic compliance projects, such as dedicated reviews and audits of accessibility plans and policies.","The educational and resource initiatives outlined by the Minister for accessibility in Manitoba for the fiscal years 2021/22 and 2022/23 include:

1. Introduction of an online learning portal in 2021 to support AMA learning and training opportunities, accessible anytime from anywhere.
2. Ongoing webinar training opportunities until in-person workshops and presentations resume.
3. Proactive awareness raising and support of compliance measures under the AMA.
4. Implementation of strategic compliance projects, such as dedicated reviews and audits of accessibility plans and policies.
5. Review of the Accessibility Standard for Customer Service in Spring 2021.
6. Consultation on the remaining three standards and enactment of these standards in 2023.
7. Targeted stakeholder consultation in 2021/22 to ensure maximum impact of the Manitoba Accessibility Fund, which supports community and business initiatives beginning in 2022/23.","The educational and resource initiatives outlined by the Minister for accessibility in Manitoba for the fiscal years 2021/22 and 2022/23 include:

1. Introduction of an online learning portal in 2021 to support AMA learning and training opportunities, accessible anytime from anywhere.
2. Ongoing webinar training opportunities until in-person workshops and presentations resume.
3. Proactive awareness raising and support of compliance measures under the AMA.
4. Implementation of strategic compliance projects, such as dedicated reviews and audits of accessibility plans and policies.
5. Review of the Accessibility Standard for Customer Service in Spring 2021.
6. Consultation on the remaining three standards and enactment of these standards in 2023.
7. Targeted stakeholder consultation in 2021/22 to ensure maximum impact of the Manitoba Accessibility Fund, which supports community and business initiatives beginning in 2022/23."
P2B_S1_009,unidoc_crm_0151,4898395,26,False,False,False,False,False,False,True,False,False,False,False,OK,OK,OK,The information provided does not cite a personnel-focused certification from the LGA and IDeA.,The information provided does not cite a personnel-focused certification from the LGA and IDeA.,The information provided does not cite a personnel-focused certification within the framework provided by the LGA and IDeA.,The personnel-focused certification cited in the framework provided by the LGA and IDeA is not mentioned in the provided text.,The personnel-focused certification cited in the framework provided by the LGA and IDeA is not mentioned in the provided text.
P2B_S1_010,unidoc_education_0043,0931214,1,False,False,False,False,False,True,False,True,False,False,False,OK,OK,OK,"The cavalry figures in the French and Prussian armies are represented using the same visual symbol, as indicated in the document's section [2.1]. The differences between the two armies' cavalry units lie in their alphanumeric designations, which reflect their distinct organizational structures. The French Army's cavalry units are listed with designations such as ""1/1(3)"", ""2/II(2)"", and ""LC/IG(8)"", while the Prussian Army's cavalry units are listed with designations like ""1/Cv/I(3)"", ""2/Cv/II(2)"", and ""1/Cv/IV(3)"". These designations include division/corps numbers and unit types, but there is no visual distinction in the cavalry figure itself between the two armies.","The cavalry figures for the French and Prussian armies in the Waterloo engagement differ in terms of their unit designations and organizational structure, but not in their visual representation. Both armies use the same visual symbol for cavalry units, as indicated in the document. However, the unit designations differ: the French Army's cavalry units are listed with designations such as ""1/1(3)"", ""2/II(2)"", and others, while the Prussian Army's cavalry units are listed with designations like ""1/Cv/I(3)"", ""2/Cv/II(2)"", and similar formats. These differences in numbering and structure reflect the distinct organizational schemes of the two armies.","The cavalry figures for the French and Prussian armies in the Waterloo engagement differ in terms of their unit designations and organizational structure, but not in their visual representation. Both armies use the same visual symbol for cavalry units, as indicated in the document. However, the unit designations differ: the French Army's cavalry units are listed with designations such as ""1/1(3)"", ""2/II(2)"", and others, while the Prussian Army's cavalry units are listed with designations like ""1/Cv/I(3)"", ""2/Cv/II(2)"", and similar formats. These differences in numbering and structure reflect the distinct organizational schemes of the two armies.","The French and Prussian armies differ in terms of cavalry representation during the Waterloo engagement as follows:

- The French Army's cavalry is represented with a total of 19 strength points (SP) across various divisions and corps. Each cavalry SP equals 500 men. The French cavalry units include divisions such as 1/1 (3 SP), 2/1 (2 SP), LC/IO (5 SP), HC/IG (3 SP), and others, totaling 19 SP.

- The Prussian Army's cavalry is represented with a total of 3 strength points (SP) in the provided context. The Prussian cavalry units include brigades such as IICv/I (3 SP), and the context suggests that the Prussian cavalry representation is significantly smaller compared to the French cavalry. Each cavalry SP for the Prussians also equals 500 men.","The French and Prussian armies differ in terms of cavalry representation during the Waterloo engagement as follows:

- The French Army's cavalry is represented with a total of 19 strength points (SP) across various divisions and corps. Each cavalry SP equals 500 men. The French cavalry units include divisions such as 1/1 (3 SP), 2/1 (2 SP), LC/IO (5 SP), HC/IG (3 SP), and others, totaling 19 SP.

- The Prussian Army's cavalry is represented with a total of 3 strength points (SP) in the provided context. The Prussian cavalry units include brigades such as IICv/I (3 SP). Each cavalry SP also equals 500 men.

Thus, the French army has a significantly higher representation of cavalry in terms of strength points compared to the Prussian army."
P2B_S1_011,unidoc_education_0119,2352105,14,False,False,False,False,False,False,False,False,False,False,False,OK,OK,OK,"The information is not supported by the currently retrieved evidence. The chi-square analysis mentioned in the text pertains to the proportions of rising, falling, and sustained pitch contours, not peak alignment in rising boundary tones. There is no textual or visual evidence provided regarding a chi-square analysis of peak alignment in rising boundary tones for Spanish heritage speakers and long-term immigrants.","The information is not supported by the currently retrieved evidence. The chi-square analysis mentioned in the text pertains to the proportions of rising, falling, and sustained pitch contours, not peak alignment in rising boundary tones. There is no textual or visual evidence provided regarding a chi-square analysis of peak alignment in rising boundary tones for Spanish heritage speakers and long-term immigrants.","The information is not supported by the currently retrieved evidence. The chi-square analysis mentioned in the text pertains to the proportions of rising, falling, and sustained pitch contours, not peak alignment in rising boundary tones. There is no textual or visual evidence provided regarding a chi-square analysis of peak alignment in rising boundary tones for Spanish heritage speakers and long-term immigrants.",The retrieved evidence does not provide information on how Spanish heritage speakers differ from long-term immigrants regarding peak alignment in rising boundary tones according to chi-square analysis.,The retrieved evidence does not provide information on how Spanish heritage speakers differ from long-term immigrants regarding peak alignment in rising boundary tones according to chi-square analysis.
P2B_S1_012,unidoc_education_0163,7909471,13,False,False,False,False,False,True,False,True,False,False,False,OK,OK,OK,"The provided evidence specifies the binding affinity of genistein to estrogen receptors in second-generation soy foods as 0.86 for alpha-ER and 43.9 for beta-ER. However, no data is provided for the binding affinity of genistein in traditional soy foods. As a result, a comparative analysis of genistein's binding affinity between newer and traditional soy food versions cannot be made based on the given information.","The provided evidence specifies the binding affinity of genistein to estrogen receptors in second-generation soy foods as 0.86 for alpha-ER and 43.9 for beta-ER. However, no data is provided for the binding affinity of genistein in traditional soy foods. As a result, a comparative analysis of genistein's binding affinity between newer and traditional soy food versions cannot be made based on the currently retrieved evidence.","The provided evidence specifies the binding affinity of genistein to estrogen receptors in second-generation soy foods as 0.86 for alpha-ER and 43.9 for beta-ER. However, no data is provided for the binding affinity of genistein in traditional soy foods. As a result, a comparative analysis of genistein's binding affinity between newer and traditional soy food versions cannot be made based on the currently retrieved evidence.","Based on the provided data, the binding affinity of genistein to estrogen receptors is 0.86 for alpha-ERs and 43.9 for beta-ERs in second generation (newer) soy foods. Traditional soy foods also contain genistein, but the specific binding affinities for traditional soy foods are not provided in the text. Therefore, the comparative binding affinity of genistein to estrogen receptors in newer soy food versions versus traditional ones cannot be fully determined from the given information.","Based on the provided data, the binding affinity of genistein to estrogen receptors is 0.86 for alpha-ERs and 43.9 for beta-ERs in second generation (newer) soy foods. Traditional soy foods also contain genistein, but specific binding affinity values for traditional soy foods are not provided in the retrieved evidence. Therefore, the comparative binding affinity of genistein to estrogen receptors in newer soy food versions versus traditional ones cannot be fully determined from the given data."
P2B_S1_013,unidoc_energy_0111,2497225,1,False,False,False,False,False,False,False,False,False,False,False,OK,OK,OK,The information is not supported by the currently retrieved evidence.,The information is not supported by the currently retrieved evidence.,The information is not supported by the currently retrieved evidence.,The information is not supported by the currently retrieved evidence.,The information is not supported by the currently retrieved evidence.
P2B_S1_014,unidoc_energy_0150,3629103,7,False,False,False,False,False,True,True,False,False,False,False,OK,OK,OK,"The information regarding trends and major year-to-year variations in the proportion of NEM Forward Market activity relative to physical volume between the financial years 1999/00 and 2018/19 is not supported by the currently retrieved evidence. The text references ""Figure 4"" in relation to liquidity in the NEM’s forward markets but does not provide the figure or a detailed description of the trends or variations over the specified period.",The information regarding trends and major year-to-year variations in the proportion of NEM Forward Market activity relative to physical volume between the financial years 1999/00 and 2018/19 is not supported by the currently retrieved evidence. The text mentions a figure (Figure 4) related to liquidity in the NEM’s forward markets but does not provide the actual data or visual depiction necessary to describe the trends or variations over the specified period.,"The information regarding trends and major year-to-year variations in the proportion of NEM Forward Market activity relative to physical volume between the financial years 1999/00 and 2018/19 is not supported by the currently retrieved evidence. The text references ""Figure 4"" in relation to liquidity in the NEM’s forward markets but does not provide the figure or specific data on trends or variations over the requested time period. Additionally, no visual evidence or detailed textual description of such trends or variations is present in the retrieved content.","The retrieved evidence does not provide specific trends or major year-to-year variations in the proportion of NEM Forward Market activity relative to physical volume between the financial years 1999/00 and 2018/19. While it mentions that liquidity in the NEM’s forward markets declined since 2010 and is increasing again, it does not offer a detailed breakdown of the proportion of forward market activity relative to physical volume over the specified period.","The retrieved evidence does not provide specific trends or major year-to-year variations in the proportion of NEM Forward Market activity relative to physical volume between the financial years 1999/00 and 2018/19. While it mentions that liquidity in the NEM’s forward markets declined since 2010 and is increasing again, it does not offer a detailed breakdown of the proportion of forward market activity relative to physical volume over the specified period."
P2B_S1_015,unidoc_energy_0193,1511581,6,False,False,False,False,False,False,True,False,False,False,False,OK,OK,OK,"The provided text and visual context do not mention small-batch biofuel fabrication or its implementation by groups skilled in advancing access for underserved populations. Therefore, the information is not supported by the currently retrieved evidence.","The provided text and visual context do not mention small-batch biofuel fabrication or its implementation by groups skilled in advancing access for underserved populations. Therefore, the information is not supported by the currently retrieved evidence.","The provided text and visual context do not mention small-batch biofuel fabrication or how it is carried out to support local economic activity by groups skilled in advancing access for underserved populations. Therefore, the information is not supported by the currently retrieved evidence.","Small-batch biofuel fabrication is not explicitly described in the provided text. The information given outlines approaches to renewable energy access, including biofuels, and emphasizes community engagement, research, and collaboration to expand sustainable power solutions. However, the specific methods or processes for small-batch biofuel fabrication to support local economic activity are not detailed in the retrieved evidence.","Small-batch biofuel fabrication is not explicitly described in the provided text. The information given outlines approaches to renewable energy access, including biofuels, and emphasizes community engagement, research, and collaboration to expand sustainable power solutions. However, the specific methods or processes for small-batch biofuel fabrication to support local economic activity are not detailed in the retrieved evidence."
P2B_S1_016,unidoc_finance_0049,6941304,21,False,False,False,False,False,True,True,True,False,False,False,OK,OK,OK,"Based on the gravity model analysis and variance breakdown, the role of distance in bilateral trade changed significantly in the Commonwealth between 1920 and 1939. The distance elasticity for the Commonwealth consistently fell throughout the 1920s and 1930s, reaching a value of zero in 1939. This indicates a diminishing sensitivity of trade to distance within the Commonwealth, a phenomenon described as the ""death of distance."" In contrast, the distance elasticities for the gold and Reichsmark blocs remained roughly constant, and the sterling area showed a modest but insignificant increase in the trade-diminishing effects of distance. The average trade-weighted distance within the Commonwealth exhibited an upward secular trend, suggesting that trade between Commonwealth countries was less disrupted by the second great trade collapse.","Based on the gravity model analysis and variance breakdown, the role of distance in bilateral trade changed significantly in the Commonwealth between 1920 and 1939. The distance elasticity for the Commonwealth consistently fell throughout the 1920s and 1930s, reaching a value of zero in 1939. This trend is linked to the increasing average trade-weighted distance within the Commonwealth, indicating that trade became less sensitive to distance over time. In contrast, the gold and Reichsmark blocs showed roughly constant distance elasticities, and the sterling area exhibited a modest, albeit insignificant, increase in the trade-diminishing effects of distance. The Commonwealth's trend reflects a ""death of distance"" in bilateral trade, while other blocs showed little change in the impact of distance on trade.","Based on the gravity model analysis and variance breakdown, the role of distance in bilateral trade changed significantly in the Commonwealth between 1920 and 1939. The distance elasticity for the Commonwealth consistently fell throughout the 1920s and 1930s, reaching a value of zero in 1939. This decline is linked to the rising average trade-weighted distance of bilateral trade within the Commonwealth, indicating that trade became less sensitive to distance over time. In contrast, the gold and Reichsmark blocs showed roughly constant distance elasticities, and the sterling area exhibited a modest but insignificant increase in the trade-diminishing effects of distance. The Commonwealth's trend reflects a ""death of distance"" phenomenon, while other blocs showed little change in the impact of distance on trade.","Based on the gravity model analysis and variance breakdown, the role of distance in bilateral trade between 1920 and 1939 experienced notable changes, particularly within the Commonwealth. The distance elasticity for the Commonwealth consistently fell throughout the 1920s and 1930s, reaching a value of zero in 1939. This decline in distance elasticity is linked to the steady rise in the average trade-weighted distance of bilateral trade within the Commonwealth. As the average trade flow distance increased, trade became less sensitive to distance in the context of regression analysis. In contrast, the distance elasticities for the gold and Reichsmark blocs remained roughly constant, while the trade-diminishing effects of distance for the sterling area showed a modest, albeit insignificant, increase. The overall trend suggests a ""death of distance"" in the context of bilateral trade flows within the Commonwealth, but not in other blocs.","Based on the gravity model analysis and variance breakdown between 1920 and 1939, the role of distance in bilateral trade within the Commonwealth experienced a consistent decline in its elasticity throughout the 1920s and 1930s, reaching a value of zero in 1939. This trend is associated with the increasing average trade-weighted distance of bilateral trade within the Commonwealth. In contrast, the distance elasticity for the gold and Reichsmark blocs remained roughly constant, while the sterling area showed a modest, albeit insignificant, increase in the trade-diminishing effects of distance. The analysis also indicates a long-term trend towards the ""death of distance"" in the context of bilateral trade flows within the Commonwealth, but not in other regions."
P2B_S1_017,unidoc_finance_0108,5703797,16,False,False,False,False,False,True,True,True,False,False,False,OK,OK,OK,"The financial results of Filinvest Development Corporation's aggregated activities in 2010 showed a significant increase in Net Income compared to 2009. The Net Income for 2010 was 1,891,474 thousand Pesos, while in 2009 it was 975,955 thousand Pesos. Additionally, Net Comprehensive Income increased from 1,217,093 thousand Pesos in 2009 to 2,093,794 thousand Pesos in 2010. However, Other Comprehensive Income decreased in 2010 to 202,320 thousand Pesos from 241,138 thousand Pesos in 2009. The changes in fair value of available-for-sale financial assets also decreased from 249,202 thousand Pesos in 2009 to 194,267 thousand Pesos in 2010. The translation adjustment improved from a loss of 8,064 thousand Pesos in 2009 to a gain of 8,053 thousand Pesos in 2010.","The financial results of Filinvest Development Corporation's aggregated activities in 2010 showed a significant increase in net income compared to 2009. The net income for 2010 was 1,891,474 thousand Pesos, while in 2009 it was 975,955 thousand Pesos. Additionally, the net comprehensive income increased from 1,217,093 thousand Pesos in 2009 to 2,093,794 thousand Pesos in 2010. However, other comprehensive income decreased in 2010 to 202,320 thousand Pesos from 241,138 thousand Pesos in 2009. The changes in fair value of available-for-sale financial assets also decreased from 249,202 thousand Pesos in 2009 to 194,267 thousand Pesos in 2010. The translation adjustment improved from a loss of 8,064 thousand Pesos in 2009 to a gain of 8,053 thousand Pesos in 2010.","The financial results of Filinvest Development Corporation's aggregated activities in 2010 showed a significant increase in Net Income compared to 2009. The Net Income for 2010 was 1,891,474 thousand Pesos, while in 2009 it was 975,955 thousand Pesos. Additionally, Net Comprehensive Income also increased from 1,217,093 thousand Pesos in 2009 to 2,093,794 thousand Pesos in 2010. However, Other Comprehensive Income decreased in 2010 to 202,320 thousand Pesos from 241,138 thousand Pesos in 2009. The changes in fair value of available-for-sale financial assets also decreased from 249,202 thousand Pesos in 2009 to 194,267 thousand Pesos in 2010. The translation adjustment improved from a loss of 8,064 thousand Pesos in 2009 to a gain of 8,053 thousand Pesos in 2010.","In 2010, the net income of Filinvest Development Corporation's aggregated activities was 1,891,474 thousand Pesos, while in 2009, it was 975,955 thousand Pesos. This indicates that the net income in 2010 was higher than in 2009. Additionally, the net comprehensive income in 2010 was 2,093,794 thousand Pesos, compared to 1,217,093 thousand Pesos in 2009, showing an increase in comprehensive income as well.","In 2010, the net income of Filinvest Development Corporation and its subsidiaries was 1,891,474 thousand Pesos, while in 2009, it was 975,955 thousand Pesos. This indicates that the financial results of the aggregated activities in 2010 were significantly higher than those in 2009. Additionally, the net comprehensive income for 2010 was 2,093,794 thousand Pesos, compared to 1,217,093 thousand Pesos in 2009, further showing an improvement in financial performance."
P2B_S1_018,unidoc_finance_0129,0070518,1,False,False,False,False,False,False,False,False,False,False,False,OK,OK,OK,"The new crossing points in the Falcon Zone, which trends northwest-southeast at Hemi, are located to the west of the Aquila Zone. The Falcon Zone has been defined over 1.8km, with gold mineralisation confirmed over 1.5km through AC drilling and gold intercepted to a depth of 200m through RC drilling in the northernmost 240m. Specific drill intercepts include 58m @ 2.1g/t Au from 64m (RC), 21m @ 3.4g/t Au from 40m (AC), and 19m @ 2.1g/t Au from 68m (AC). The Falcon Zone remains open to the south and at depth.","The new crossing points in the Falcon Zone, which trends northwest-southeast at Hemi, are located to the west of the Aquila Zone. The Falcon Zone has been defined over 1.8km, with gold mineralisation confirmed over 1.5km through AC drilling and gold intercepted to a depth of 200m through RC drilling in the northernmost 240m. Specific drill intercepts include 58m @ 2.1g/t Au from 64m (RC), 21m @ 3.4g/t Au from 40m (AC), and 19m @ 2.1g/t Au from 68m (AC). The Falcon Zone remains open to the south and at depth.","The new crossing points in the Falcon Zone, which trends northwest-southeast at Hemi, are located to the west of the Aquila Zone. The Falcon Zone has been defined over 1.8km, with gold mineralisation confirmed over 1.5km through AC drilling and gold intercepted to a depth of 200m through RC drilling in the northernmost 240m. Specific drill intercepts include 58m @ 2.1g/t Au from 64m (RC), 21m @ 3.4g/t Au from 40m (AC), and 19m @ 2.1g/t Au from 68m (AC). The Falcon Zone remains open to the south and at depth.","The new crossing points in the Falcon Zone, which trends northwest-southeast at Hemi, are located to the west of the Aquila Zone.","The new crossing points in the Falcon Zone, which trends northwest-southeast at Hemi, are located to the west of the Aquila Zone."
P2B_S1_019,unidoc_healthcare_0101,5825109,5,False,False,False,False,False,True,False,True,False,False,False,OK,OK,OK,"For TTC Osteotomy -001 (interpreted as FEA-001), the highest von-Mises stress recorded for talus cartilage is 1.004 MPa, and the lowest (mean) is 0.177 MPa.","In the case of TTC Osteotomy -001 (interpreted as FEA-001), the highest von-Mises stress recorded for talus cartilage is 1.004 MPa, and the lowest is 0.177 MPa.","In the case of TTC Osteotomy -001 (interpreted as FEA-001), the highest von-Mises stress recorded for talus cartilage is 1.004 MPa, and the lowest is 0.177 MPa.",The highest and lowest von-Mises stress values recorded for talus cartilage in the case of TTC Osteotomy -001 are 1.004 MPa (maximum) and 0.177 MPa (mean).,"The highest and lowest von-Mises stress values recorded for talus cartilage in the case of TTC Osteotomy -001 are 1.004 MPa and 0.177 MPa, respectively."
P2B_S1_020,unidoc_healthcare_0108,0779019,1,False,True,True,False,False,True,True,False,True,False,False,OK,OK,OK,The information is not supported by the currently retrieved evidence.,"The provided text and visual context do not mention circumcision or the distribution of ages among individuals who faced issues after circumcision. Therefore, the information is not supported by the currently retrieved evidence.","The provided text and visual context do not mention circumcision or the distribution of ages among individuals who faced issues after circumcision. The content is focused on evaluating children for sexual abuse, including behavioral indicators, medical findings, and examination procedures. There is no information related to circumcision or its complications in the given evidence.",The provided text does not mention anything about the age distribution of individuals who faced issues after circumcision.,The provided text does not mention anything about the age distribution of individuals who faced issues after circumcision.
P2B_S1_021,unidoc_healthcare_0138,2520596,5,False,False,False,False,False,True,False,True,False,False,False,OK,OK,OK,"The information is not supported by the currently retrieved evidence. The document states that the advised limit for tube filtration at 70kVp is 1.5mm Al, but it does not provide the actual measured tube filtration values for any of the studied x-ray machines. Therefore, the difference between the measured tube filtration values and the advised limit cannot be determined from the given evidence.","The document states that for tube filtration at 70kVp, the advised inherent filtration HVL should be 1.5mm Al (AAPM, 1989). However, the retrieved evidence does not provide the actual measured tube filtration values for any of the six x-ray machines at 70kVp. As a result, the specific difference between the tube filtration values and the advised limit of ±1.5mm Al cannot be determined from the provided information.","The document states that for tube filtration at 70kVp, the advised inherent filtration HVL should be 1.5mm Al (AAPM, 1989). However, the retrieved evidence does not provide the actual measured tube filtration values for any of the six x-ray machines at 70kVp. As a result, the specific difference between the tube filtration values and the advised limit of ±1.5mm Al cannot be determined from the provided information.","The provided text mentions that for an operating tube potential of 70kVp, the inherent filtration HVL should be 1.5mm Al. However, it does not provide specific tube filtration values at 70kVp for the studied x-ray machines or a direct comparison between these values and the advised limit of ±1.5mm Al. Therefore, the difference between the tube filtration values at 70kVp and the advised limit of ±1.5mm Al cannot be determined from the given information.","The provided text mentions that for an operating tube potential of 70kVp, the inherent filtration HVL should be 1.5mm Al. However, it does not provide specific tube filtration values at 70kVp for the studied x-ray machines or a direct comparison to the advised limit of ±1.5mm Al. Therefore, the difference between the tube filtration values at 70kVp and the advised limit of ±1.5mm Al cannot be determined from the given information."
P2B_S1_022,unidoc_legal_0061,2502771,4,False,False,False,False,False,True,False,False,False,False,False,OK,OK,OK,The information is not supported by the currently retrieved evidence.,The information regarding which accolade Entain received in 2020 for its commitment to responsible gambling at the EGR event is not supported by the currently retrieved evidence.,The information regarding which accolade Entain received in 2020 for its commitment to responsible gambling at the EGR event is not supported by the currently retrieved evidence.,The retrieved evidence does not mention any accolade that Entain received in 2020 for its commitment to responsible gambling at the EGR event.,The retrieved evidence does not mention any accolade that Entain received in 2020 for its commitment to responsible gambling at the EGR event.
P2B_S1_023,unidoc_legal_0086,3134069,6,False,False,False,False,False,False,False,False,False,False,False,OK,OK,OK,The information is not supported by the currently retrieved evidence.,The information is not supported by the currently retrieved evidence.,The information is not supported by the currently retrieved evidence.,The information is not supported by the currently retrieved evidence.,The information is not supported by the currently retrieved evidence.
P2B_S1_024,unidoc_legal_0154,3274043,5,False,False,False,False,False,False,False,False,False,False,False,OK,OK,OK,"The information on how 3M allocated its supplier spending globally from 2016 to 2020 is not supported by the currently retrieved evidence. The provided text and visual context do not include data, charts, or figures detailing the allocation of supplier spending by region or year.","The information on how 3M allocated its supplier spending globally from 2016 to 2020 is not supported by the currently retrieved evidence. The provided text and visual context do not include data, charts, or figures detailing the allocation of supplier spending by region or year.","The information on how 3M allocated its supplier spending globally from 2016 to 2020 is not supported by the currently retrieved evidence. The provided text and visual context do not include data, charts, or figures detailing the allocation of supplier spending by region or year.",The information on how 3M allocated its supplier spending globally from 2016 to 2020 is not supported by the currently retrieved evidence.,The information on how 3M allocated its supplier spending globally from 2016 to 2020 is not supported by the currently retrieved evidence.
