review_id,human_reference_valid,human_rank1_answer_correct,human_alternative_answer_correct,human_top3_text_evidence_sufficient,human_rank1_visual_evidence_sufficient,human_alternative_visual_evidence_useful,source_verified_outcome_recovery,strong_page_selection_attributable,attribution_category,human_confidence,pdf_pages_checked,notes
P2B_S1_001,YES,NO,YES,NO,NO,YES,YES,YES,STRONG_PAGE_SELECTION_ATTRIBUTABLE,HIGH,"7,8",Rank-1 p8 lacks specific product evidence; alternative p7 Figure 5 directly shows A. Borsig advertisement and industrial machinery.
P2B_S1_003,YES,NO,YES,NO,NO,YES,YES,YES,STRONG_PAGE_SELECTION_ATTRIBUTABLE,HIGH,"2,6",Rank-1 p2 lacks shipping prices; alternative p6 Figure 3 directly provides the shipping-cost values.
P2B_S1_006,UNCLEAR,UNCLEAR,UNCLEAR,NO,UNCLEAR,UNCLEAR,UNCLEAR,UNCLEAR,UNCLEAR,LOW,source PDF unavailable,5254543.pdf was unavailable during source verification; the plotted values could not be directly checked.
P2B_S1_009,YES,NO,YES,NO,NO,YES,YES,YES,STRONG_PAGE_SELECTION_ATTRIBUTABLE,HIGH,"26,28",Rank-1 p26 lacks the certification name; alternative p28 directly shows the INVESTOR IN PEOPLE mark.
P2B_S1_010,YES,NO,YES,NO,YES,YES,YES,NO,MIXED_OR_GENERATION_ASSISTED,HIGH,"1,3","Alternative p3 explicitly provides the cavalry comparison, but rank-1 p1 already contains sufficient ingredients to derive the answer."
P2B_S1_012,NO,NO,NO,YES,NO,YES,NO,NO,REFERENCE_INVALID_OR_UNCLEAR,HIGH,"11,13,14,15",Reference conflates genistein receptor affinity with food-group bioactivity; source does not support the reference framing.
P2B_S1_013,YES,NO,YES,NO,NO,YES,YES,YES,STRONG_PAGE_SELECTION_ATTRIBUTABLE,HIGH,"1,3",Rank-1 lacks ballast placement; alternative p3 Figure 1 directly shows variable ballast above permanent ballast.
P2B_S1_014,NO,NO,NO,NO,NO,YES,NO,NO,REFERENCE_INVALID_OR_UNCLEAR,HIGH,"7,8",Reference assigns the peak to the wrong year; alternative answer also contains year-to-year trend errors.
P2B_S1_015,YES,NO,YES,NO,NO,YES,YES,YES,STRONG_PAGE_SELECTION_ATTRIBUTABLE,HIGH,"4,6",Alternative p4 directly shows the manual biomass-briquette fabrication process; rank-1 p6 does not.
P2B_S1_017,YES,NO,NO,YES,NO,YES,NO,NO,NOT_A_RECOVERY,HIGH,"16,19",Alternative contains correct revenue and net-income values but incorrectly describes the operating-activities decrease as an improvement; Top-3 already contains target values.
P2B_S1_021,NO,NO,NO,NO,NO,YES,NO,NO,REFERENCE_INVALID_OR_UNCLEAR,HIGH,"4,5",Source states all studied x-ray machines failed tube filtration; reference incorrectly gives exceptions.
P2B_S1_022,YES,NO,YES,NO,NO,YES,YES,YES,STRONG_PAGE_SELECTION_ATTRIBUTABLE,HIGH,"4,5",Alternative p5 directly shows the EGR Operator Virtual Awards 2020 safer-gambling award for Entain; rank-1 does not.
P2B_S1_023,YES,NO,YES,NO,NO,YES,YES,YES,STRONG_PAGE_SELECTION_ATTRIBUTABLE,HIGH,"2,6",Alternative p2 Figure 2 directly shows Snapchat=35 and YouTube=32; rank-1 p6 is a references page.
P2B_S1_024,NO,NO,YES,NO,NO,YES,NO,NO,REFERENCE_INVALID_OR_UNCLEAR,HIGH,"5,6","Alternative chart supports the general regional trend, but the reference incorrectly claims U.S./Canada stayed above 50 percent throughout 2016-2020."
