review_id,query_id,document_id,pdf_path_or_identifier,gt_pages,evidence_pages
P2A_HR_001,unidoc_commerce_manufacturing_0011,0314440,C:\Users\sp\Desktop\adaptive-multimodal-rag\datasets\unidoc\commerce_manufacturing\commerce_manufacturing\0314440.pdf,[10],"[1, 3, 4, 5, 7, 10, 12, 14, 25]"
P2A_HR_002,unidoc_commerce_manufacturing_0032,4061604,C:\Users\sp\Desktop\adaptive-multimodal-rag\datasets\unidoc\commerce_manufacturing\commerce_manufacturing\4061604.pdf,[7],"[1, 2, 3, 4, 6, 7, 8, 9, 10]"
P2A_HR_003,unidoc_commerce_manufacturing_0051,2736831,C:\Users\sp\Desktop\adaptive-multimodal-rag\datasets\unidoc\commerce_manufacturing\commerce_manufacturing\2736831.pdf,[3],"[2, 3, 4, 5, 8, 9, 11, 12, 13]"
P2A_HR_004,unidoc_commerce_manufacturing_0120,7215936,C:\Users\sp\Desktop\adaptive-multimodal-rag\datasets\unidoc\commerce_manufacturing\commerce_manufacturing\7215936.pdf,"[12, 13]","[3, 4, 5, 6, 7, 8, 10, 11, 13]"
P2A_HR_005,unidoc_commerce_manufacturing_0143,6066619,C:\Users\sp\Desktop\adaptive-multimodal-rag\datasets\unidoc\commerce_manufacturing\commerce_manufacturing\6066619.pdf,"[13, 14, 15, 16]","[2, 3, 4, 5, 10, 11, 12, 14, 15]"
P2A_HR_006,unidoc_commerce_manufacturing_0148,4496231,C:\Users\sp\Desktop\adaptive-multimodal-rag\datasets\unidoc\commerce_manufacturing\commerce_manufacturing\4496231.pdf,"[4, 5, 6]","[1, 4, 5, 6, 9, 12, 14, 16, 17]"
P2A_HR_007,unidoc_commerce_manufacturing_0158,4282523,C:\Users\sp\Desktop\adaptive-multimodal-rag\datasets\unidoc\commerce_manufacturing\commerce_manufacturing\4282523.pdf,"[6, 7]","[1, 2, 3, 4, 5, 6, 7, 8, 9]"
P2A_HR_008,unidoc_construction_0001,1858503,C:\Users\sp\Desktop\adaptive-multimodal-rag\datasets\unidoc\construction\construction\1858503.pdf,"[17, 18]","[1, 2, 4, 5, 12, 16, 17, 20]"
P2A_HR_009,unidoc_construction_0015,2107998,C:\Users\sp\Desktop\adaptive-multimodal-rag\datasets\unidoc\construction\construction\2107998.pdf,[2],"[1, 2, 3]"
P2A_HR_010,unidoc_construction_0067,4005140,C:\Users\sp\Desktop\adaptive-multimodal-rag\datasets\unidoc\construction\construction\4005140.pdf,"[5, 6, 7]","[1, 3, 4, 5, 6, 17, 18, 19, 21]"
P2A_HR_011,unidoc_construction_0070,7773476,C:\Users\sp\Desktop\adaptive-multimodal-rag\datasets\unidoc\construction\construction\7773476.pdf,[10],"[2, 3, 5, 6, 9, 10, 11, 12]"
P2A_HR_012,unidoc_construction_0102,1858503,C:\Users\sp\Desktop\adaptive-multimodal-rag\datasets\unidoc\construction\construction\1858503.pdf,"[17, 18]","[2, 3, 4, 5, 16, 17, 19, 20]"
P2A_HR_013,unidoc_construction_0114,3003830,C:\Users\sp\Desktop\adaptive-multimodal-rag\datasets\unidoc\construction\construction\3003830.pdf,"[5, 6, 7]","[1, 2, 3, 5, 6, 7, 8, 11, 13]"
P2A_HR_014,unidoc_construction_0126,4201027,C:\Users\sp\Desktop\adaptive-multimodal-rag\datasets\unidoc\construction\construction\4201027.pdf,"[5, 6]","[1, 2, 3, 5, 7, 8, 9, 11, 13]"
P2A_HR_015,unidoc_construction_0175,7299441,C:\Users\sp\Desktop\adaptive-multimodal-rag\datasets\unidoc\construction\construction\7299441.pdf,[11],"[1, 2, 5, 6, 7, 8, 10, 11, 12]"
P2A_HR_016,unidoc_crm_0012,1314343,C:\Users\sp\Desktop\adaptive-multimodal-rag\datasets\unidoc\crm\crm\1314343.pdf,"[10, 11]","[1, 2, 3, 7, 10, 13, 14, 23, 25]"
P2A_HR_017,unidoc_crm_0059,0949738,C:\Users\sp\Desktop\adaptive-multimodal-rag\datasets\unidoc\crm\crm\0949738.pdf,[7],"[1, 6, 7, 8, 9, 11, 12, 14, 16]"
P2A_HR_018,unidoc_crm_0090,1071131,C:\Users\sp\Desktop\adaptive-multimodal-rag\datasets\unidoc\crm\crm\1071131.pdf,"[1, 2]","[1, 2, 4, 6, 8, 9, 10, 12, 13]"
P2A_HR_019,unidoc_crm_0106,5963931,C:\Users\sp\Desktop\adaptive-multimodal-rag\datasets\unidoc\crm\crm\5963931.pdf,"[7, 8]","[3, 6, 7, 10, 11, 12, 14, 15, 26]"
P2A_HR_020,unidoc_education_0018,7643540,C:\Users\sp\Desktop\adaptive-multimodal-rag\datasets\unidoc\education\education\7643540.pdf,[3],"[1, 2, 3, 4, 5, 6, 7, 8]"
P2A_HR_021,unidoc_education_0024,2456459,C:\Users\sp\Desktop\adaptive-multimodal-rag\datasets\unidoc\education\education\2456459.pdf,[11],"[6, 10, 11, 12, 20, 25, 26]"
P2A_HR_022,unidoc_education_0050,1729681,C:\Users\sp\Desktop\adaptive-multimodal-rag\datasets\unidoc\education\education\1729681.pdf,"[3, 4]","[1, 2, 3, 5, 6, 7, 8, 9]"
P2A_HR_023,unidoc_education_0064,2535081,C:\Users\sp\Desktop\adaptive-multimodal-rag\datasets\unidoc\education\education\2535081.pdf,[7],"[2, 3, 4, 5, 6, 7, 10]"
P2A_HR_024,unidoc_education_0130,2456459,C:\Users\sp\Desktop\adaptive-multimodal-rag\datasets\unidoc\education\education\2456459.pdf,[11],"[2, 6, 7, 11, 12, 16, 20, 27]"
P2A_HR_025,unidoc_education_0153,3275963,C:\Users\sp\Desktop\adaptive-multimodal-rag\datasets\unidoc\education\education\3275963.pdf,[24],"[1, 4, 12, 18, 21, 29, 30]"
P2A_HR_026,unidoc_education_0193,7760727,C:\Users\sp\Desktop\adaptive-multimodal-rag\datasets\unidoc\education\education\7760727.pdf,[3],"[1, 2, 3, 4, 5, 8, 9]"
P2A_HR_027,unidoc_energy_0015,1803924,C:\Users\sp\Desktop\adaptive-multimodal-rag\datasets\unidoc\energy\energy\1803924.pdf,[9],"[1, 2, 3, 4, 5, 6, 7, 9, 10]"
P2A_HR_028,unidoc_energy_0016,2319886,C:\Users\sp\Desktop\adaptive-multimodal-rag\datasets\unidoc\energy\energy\2319886.pdf,"[3, 4]","[1, 4, 5, 7, 13, 14, 18, 19]"
P2A_HR_029,unidoc_energy_0033,4871187,C:\Users\sp\Desktop\adaptive-multimodal-rag\datasets\unidoc\energy\energy\4871187.pdf,"[12, 13]","[1, 3, 9, 10, 11, 13, 15, 17, 20]"
P2A_HR_030,unidoc_energy_0038,4871187,C:\Users\sp\Desktop\adaptive-multimodal-rag\datasets\unidoc\energy\energy\4871187.pdf,"[6, 7]","[3, 6, 12, 13, 15, 17, 19, 20, 21]"
P2A_HR_031,unidoc_energy_0074,3341537,C:\Users\sp\Desktop\adaptive-multimodal-rag\datasets\unidoc\energy\energy\3341537.pdf,[2],"[1, 2, 3, 5, 6, 8]"
P2A_HR_032,unidoc_finance_0050,7072014,C:\Users\sp\Desktop\adaptive-multimodal-rag\datasets\unidoc\finance\finance\7072014.pdf,[9],"[4, 5, 6, 8, 9, 10, 11, 12, 16]"
P2A_HR_033,unidoc_finance_0078,0002128,C:\Users\sp\Desktop\adaptive-multimodal-rag\datasets\unidoc\finance\finance\0002128.pdf,[13],"[1, 2, 5, 9, 11, 12, 13, 14, 18]"
P2A_HR_034,unidoc_finance_0079,7501084,C:\Users\sp\Desktop\adaptive-multimodal-rag\datasets\unidoc\finance\finance\7501084.pdf,[13],"[1, 6, 9, 12, 13, 14, 26, 28, 29]"
P2A_HR_035,unidoc_finance_0168,1968605,C:\Users\sp\Desktop\adaptive-multimodal-rag\datasets\unidoc\finance\finance\1968605.pdf,[9],"[1, 2, 4, 5, 6, 7, 8, 9, 10]"
P2A_HR_036,unidoc_finance_0196,1372325,C:\Users\sp\Desktop\adaptive-multimodal-rag\datasets\unidoc\finance\finance\1372325.pdf,[13],"[9, 10, 11, 12, 13, 14, 15, 17]"
P2A_HR_037,unidoc_healthcare_0036,6858508,C:\Users\sp\Desktop\adaptive-multimodal-rag\datasets\unidoc\healthcare\healthcare\6858508.pdf,"[9, 10]","[3, 4, 6, 9, 10, 11, 12, 19]"
P2A_HR_038,unidoc_healthcare_0053,0132894,C:\Users\sp\Desktop\adaptive-multimodal-rag\datasets\unidoc\healthcare\healthcare\0132894.pdf,"[7, 8]","[1, 3, 4, 5, 6, 7, 8, 9]"
P2A_HR_039,unidoc_healthcare_0055,2068379,C:\Users\sp\Desktop\adaptive-multimodal-rag\datasets\unidoc\healthcare\healthcare\2068379.pdf,[10],"[1, 2, 3, 6, 7, 9, 10]"
P2A_HR_040,unidoc_healthcare_0074,1893899,C:\Users\sp\Desktop\adaptive-multimodal-rag\datasets\unidoc\healthcare\healthcare\1893899.pdf,[4],"[1, 3, 4, 6, 7, 8, 9, 11]"
P2A_HR_041,unidoc_healthcare_0075,0537718,C:\Users\sp\Desktop\adaptive-multimodal-rag\datasets\unidoc\healthcare\healthcare\0537718.pdf,[13],"[8, 10, 11, 12, 13, 14, 19, 21]"
P2A_HR_042,unidoc_healthcare_0078,5823826,C:\Users\sp\Desktop\adaptive-multimodal-rag\datasets\unidoc\healthcare\healthcare\5823826.pdf,[5],"[1, 2, 3, 4, 5, 6, 7, 8, 9]"
P2A_HR_043,unidoc_healthcare_0100,3590683,C:\Users\sp\Desktop\adaptive-multimodal-rag\datasets\unidoc\healthcare\healthcare\3590683.pdf,[7],"[1, 2, 4, 5, 6, 7, 8, 9]"
P2A_HR_044,unidoc_healthcare_0178,2008937,C:\Users\sp\Desktop\adaptive-multimodal-rag\datasets\unidoc\healthcare\healthcare\2008937.pdf,"[5, 6]","[1, 2, 3, 4, 5, 6, 7]"
P2A_HR_045,unidoc_healthcare_0182,7612969,C:\Users\sp\Desktop\adaptive-multimodal-rag\datasets\unidoc\healthcare\healthcare\7612969.pdf,[7],"[2, 4, 5, 6, 7, 10, 11]"
P2A_HR_046,unidoc_healthcare_0197,1680163,C:\Users\sp\Desktop\adaptive-multimodal-rag\datasets\unidoc\healthcare\healthcare\1680163.pdf,[7],"[1, 2, 4, 5, 6, 7, 8, 10]"
P2A_HR_047,unidoc_legal_0028,5437805,C:\Users\sp\Desktop\adaptive-multimodal-rag\datasets\unidoc\legal\legal\5437805.pdf,[21],"[3, 6, 14, 16, 18, 19, 21, 24, 26]"
P2A_HR_048,unidoc_legal_0133,7894475,C:\Users\sp\Desktop\adaptive-multimodal-rag\datasets\unidoc\legal\legal\7894475.pdf,"[6, 7, 8, 12]","[1, 3, 5, 6, 9, 10, 11, 13, 14]"
P2A_HR_049,unidoc_legal_0160,1202569,C:\Users\sp\Desktop\adaptive-multimodal-rag\datasets\unidoc\legal\legal\1202569.pdf,"[2, 3]","[1, 2, 3, 4, 5, 6]"
P2A_HR_050,unidoc_commerce_manufacturing_0108,4000324,C:\Users\sp\Desktop\adaptive-multimodal-rag\datasets\unidoc\commerce_manufacturing\commerce_manufacturing\4000324.pdf,[4],"[1, 2, 3, 4, 5, 6]"
P2A_HR_051,unidoc_construction_0065,2016954,C:\Users\sp\Desktop\adaptive-multimodal-rag\datasets\unidoc\construction\construction\2016954.pdf,[16],"[2, 3, 7, 8, 9, 12, 13, 14, 16]"
P2A_HR_052,unidoc_construction_0093,7205921,C:\Users\sp\Desktop\adaptive-multimodal-rag\datasets\unidoc\construction\construction\7205921.pdf,[20],"[1, 2, 3, 4, 9, 10, 21, 24, 25]"
P2A_HR_053,unidoc_construction_0150,4005140,C:\Users\sp\Desktop\adaptive-multimodal-rag\datasets\unidoc\construction\construction\4005140.pdf,"[10, 11]","[1, 2, 4, 5, 10, 11, 12, 13, 14]"
P2A_HR_054,unidoc_crm_0104,0896333,C:\Users\sp\Desktop\adaptive-multimodal-rag\datasets\unidoc\crm\crm\0896333.pdf,[6],"[1, 2, 3, 4, 5, 6, 7, 8]"
P2A_HR_055,unidoc_education_0048,6071633,C:\Users\sp\Desktop\adaptive-multimodal-rag\datasets\unidoc\education\education\6071633.pdf,[16],"[2, 4, 5, 11, 12, 13, 15, 16, 17]"
P2A_HR_056,unidoc_energy_0112,2183227,C:\Users\sp\Desktop\adaptive-multimodal-rag\datasets\unidoc\energy\energy\2183227.pdf,[14],"[1, 4, 5, 6, 7, 10, 13, 14, 15]"
P2A_HR_057,unidoc_finance_0017,4282204,C:\Users\sp\Desktop\adaptive-multimodal-rag\datasets\unidoc\finance\finance\4282204.pdf,[1],"[1, 2, 3, 4, 5, 6]"
P2A_HR_058,unidoc_healthcare_0123,3709965,C:\Users\sp\Desktop\adaptive-multimodal-rag\datasets\unidoc\healthcare\healthcare\3709965.pdf,[11],"[1, 2, 3, 5, 6, 8, 9, 11]"
P2A_HR_059,unidoc_healthcare_0196,6908885,C:\Users\sp\Desktop\adaptive-multimodal-rag\datasets\unidoc\healthcare\healthcare\6908885.pdf,"[4, 5]","[1, 2, 3, 4, 5, 6, 7, 9, 10]"
P2A_HR_060,unidoc_commerce_manufacturing_0099,2704931,C:\Users\sp\Desktop\adaptive-multimodal-rag\datasets\unidoc\commerce_manufacturing\commerce_manufacturing\2704931.pdf,"[7, 8, 9]","[1, 2, 3, 5, 6, 8, 9, 10, 11]"
P2A_HR_061,unidoc_energy_0149,7548051,C:\Users\sp\Desktop\adaptive-multimodal-rag\datasets\unidoc\energy\energy\7548051.pdf,[16],"[3, 6, 7, 8, 10, 11, 13, 15, 16]"
P2A_HR_062,unidoc_energy_0196,6509015,C:\Users\sp\Desktop\adaptive-multimodal-rag\datasets\unidoc\energy\energy\6509015.pdf,"[6, 7]","[1, 2, 3, 4, 5, 6, 7, 8]"
P2A_HR_063,unidoc_finance_0051,1372325,C:\Users\sp\Desktop\adaptive-multimodal-rag\datasets\unidoc\finance\finance\1372325.pdf,[13],"[9, 10, 11, 12, 13, 14, 17]"
P2A_HR_064,unidoc_finance_0151,2287432,C:\Users\sp\Desktop\adaptive-multimodal-rag\datasets\unidoc\finance\finance\2287432.pdf,"[4, 5]","[1, 4, 5, 7, 10, 11, 12, 13, 14]"
P2A_HR_065,unidoc_healthcare_0096,1939944,C:\Users\sp\Desktop\adaptive-multimodal-rag\datasets\unidoc\healthcare\healthcare\1939944.pdf,"[4, 5]","[1, 2, 3, 4, 5, 6, 8, 9, 12]"
P2A_HR_066,unidoc_healthcare_0151,6546916,C:\Users\sp\Desktop\adaptive-multimodal-rag\datasets\unidoc\healthcare\healthcare\6546916.pdf,[13],"[1, 3, 4, 5, 11, 13, 15, 16, 17]"
P2A_HR_067,unidoc_healthcare_0172,2751482,C:\Users\sp\Desktop\adaptive-multimodal-rag\datasets\unidoc\healthcare\healthcare\2751482.pdf,[7],"[1, 2, 3, 4, 5, 6, 7, 16]"
P2A_HR_068,unidoc_legal_0067,7386841,C:\Users\sp\Desktop\adaptive-multimodal-rag\datasets\unidoc\legal\legal\7386841.pdf,"[18, 19, 20]","[3, 4, 12, 15, 16, 17, 19, 20, 22]"
P2A_HR_069,unidoc_healthcare_0135,7498088,C:\Users\sp\Desktop\adaptive-multimodal-rag\datasets\unidoc\healthcare\healthcare\7498088.pdf,[8],"[3, 5, 6, 7, 8, 9]"
P2A_HR_070,unidoc_commerce_manufacturing_0036,1470687,C:\Users\sp\Desktop\adaptive-multimodal-rag\datasets\unidoc\commerce_manufacturing\commerce_manufacturing\1470687.pdf,[17],"[1, 2, 5, 6, 7, 8, 15, 16, 21]"
P2A_HR_071,unidoc_construction_0017,0886209,C:\Users\sp\Desktop\adaptive-multimodal-rag\datasets\unidoc\construction\construction\0886209.pdf,"[11, 12]","[1, 6, 7, 8, 10, 11, 12, 13, 14]"
P2A_HR_072,unidoc_construction_0112,5057007,C:\Users\sp\Desktop\adaptive-multimodal-rag\datasets\unidoc\construction\construction\5057007.pdf,[2],"[1, 2, 3, 5, 6, 7, 8, 9]"
P2A_HR_073,unidoc_energy_0139,4871187,C:\Users\sp\Desktop\adaptive-multimodal-rag\datasets\unidoc\energy\energy\4871187.pdf,"[12, 13]","[1, 11, 12, 13, 14, 16, 17, 20, 21]"
P2A_HR_074,unidoc_finance_0183,0458505,C:\Users\sp\Desktop\adaptive-multimodal-rag\datasets\unidoc\finance\finance\0458505.pdf,"[17, 18]","[1, 5, 8, 9, 11, 12, 18, 19, 20]"
P2A_HR_075,unidoc_finance_0184,4070954,C:\Users\sp\Desktop\adaptive-multimodal-rag\datasets\unidoc\finance\finance\4070954.pdf,"[4, 5]","[2, 3, 5, 6, 7, 8, 9, 10, 14]"
P2A_HR_076,unidoc_healthcare_0170,5823826,C:\Users\sp\Desktop\adaptive-multimodal-rag\datasets\unidoc\healthcare\healthcare\5823826.pdf,[5],"[1, 2, 3, 4, 5, 6, 7, 8, 9]"
P2A_HR_077,unidoc_legal_0033,2332258,C:\Users\sp\Desktop\adaptive-multimodal-rag\datasets\unidoc\legal\legal\2332258.pdf,"[11, 12]","[2, 3, 5, 6, 8, 9, 11, 12, 14]"
