batch,review_id,query_id,priority,selection_reason,retrieval_cohort,raw_incomplete_states,gt_text_requires_pdf_check
review_batch_01,P2A_HR_001,unidoc_commerce_manufacturing_0011,1,AUTOMATIC_TRANSITION,MISS_AT_3_HIT_AT_6,[],False
review_batch_01,P2A_HR_002,unidoc_commerce_manufacturing_0032,1,AUTOMATIC_TRANSITION,MISS_AT_3_HIT_AT_6,[],False
review_batch_01,P2A_HR_003,unidoc_commerce_manufacturing_0051,1,AUTOMATIC_TRANSITION,MISS_AT_3_HIT_AT_6,[],False
review_batch_01,P2A_HR_004,unidoc_commerce_manufacturing_0120,1,AUTOMATIC_TRANSITION,MISS_AT_3_HIT_AT_6,[],False
review_batch_01,P2A_HR_005,unidoc_commerce_manufacturing_0143,1,AUTOMATIC_TRANSITION,MISS_AT_3_HIT_AT_6,[],False
review_batch_01,P2A_HR_006,unidoc_commerce_manufacturing_0148,1,AUTOMATIC_TRANSITION,MISS_AT_3_HIT_AT_6,[],False
review_batch_01,P2A_HR_007,unidoc_commerce_manufacturing_0158,1,AUTOMATIC_TRANSITION,MISS_AT_3_HIT_AT_6,[],False
review_batch_01,P2A_HR_008,unidoc_construction_0001,1,AUTOMATIC_TRANSITION,MISS_AT_3_HIT_AT_6,[],False
review_batch_01,P2A_HR_009,unidoc_construction_0015,1,AUTOMATIC_TRANSITION,MISS_AT_3_HIT_AT_6,[],False
review_batch_01,P2A_HR_010,unidoc_construction_0067,1,AUTOMATIC_TRANSITION,MISS_AT_3_HIT_AT_6,[],False
review_batch_01,P2A_HR_011,unidoc_construction_0070,1,AUTOMATIC_TRANSITION,MISS_AT_3_HIT_AT_6,[],False
review_batch_01,P2A_HR_012,unidoc_construction_0102,1,AUTOMATIC_TRANSITION,MISS_AT_3_HIT_AT_6,[],False
review_batch_02,P2A_HR_013,unidoc_construction_0114,1,AUTOMATIC_TRANSITION,MISS_AT_3_HIT_AT_6,[],False
review_batch_02,P2A_HR_014,unidoc_construction_0126,1,AUTOMATIC_TRANSITION,MISS_AT_3_HIT_AT_6,[],False
review_batch_02,P2A_HR_015,unidoc_construction_0175,1,AUTOMATIC_TRANSITION,MISS_AT_3_HIT_AT_6,[],False
review_batch_02,P2A_HR_016,unidoc_crm_0012,1,AUTOMATIC_TRANSITION,MISS_AT_6_HIT_AT_9,[],False
review_batch_02,P2A_HR_017,unidoc_crm_0059,1,AUTOMATIC_TRANSITION,MISS_AT_6_HIT_AT_9,[],False
review_batch_02,P2A_HR_018,unidoc_crm_0090,1,AUTOMATIC_TRANSITION,MISS_AT_3_HIT_AT_6,[],False
review_batch_02,P2A_HR_019,unidoc_crm_0106,1,AUTOMATIC_TRANSITION,MISS_AT_3_HIT_AT_6,[],False
review_batch_02,P2A_HR_020,unidoc_education_0018,1,AUTOMATIC_TRANSITION,MISS_AT_3_HIT_AT_6,[],False
review_batch_02,P2A_HR_021,unidoc_education_0024,1,AUTOMATIC_TRANSITION,MISS_AT_3_HIT_AT_6,[],False
review_batch_02,P2A_HR_022,unidoc_education_0050,1,AUTOMATIC_TRANSITION,MISS_AT_3_HIT_AT_6,[],False
review_batch_02,P2A_HR_023,unidoc_education_0064,1,AUTOMATIC_TRANSITION,MISS_AT_3_HIT_AT_6,[],False
review_batch_02,P2A_HR_024,unidoc_education_0130,1,AUTOMATIC_TRANSITION,MISS_AT_3_HIT_AT_6,[],False
review_batch_03,P2A_HR_025,unidoc_education_0153,1,AUTOMATIC_TRANSITION,MISS_AT_9,[],False
review_batch_03,P2A_HR_026,unidoc_education_0193,1,AUTOMATIC_TRANSITION,MISS_AT_3_HIT_AT_6,[],False
review_batch_03,P2A_HR_027,unidoc_energy_0015,1,AUTOMATIC_TRANSITION,MISS_AT_6_HIT_AT_9,[],False
review_batch_03,P2A_HR_028,unidoc_energy_0016,1,AUTOMATIC_TRANSITION,MISS_AT_3_HIT_AT_6,[],False
review_batch_03,P2A_HR_029,unidoc_energy_0033,1,AUTOMATIC_TRANSITION,MISS_AT_3_HIT_AT_6,[],False
review_batch_03,P2A_HR_030,unidoc_energy_0038,1,AUTOMATIC_TRANSITION,MISS_AT_3_HIT_AT_6,[],False
review_batch_03,P2A_HR_031,unidoc_energy_0074,1,AUTOMATIC_TRANSITION,MISS_AT_6_HIT_AT_9,[],False
review_batch_03,P2A_HR_032,unidoc_finance_0050,1,AUTOMATIC_TRANSITION,MISS_AT_6_HIT_AT_9,[],False
review_batch_03,P2A_HR_033,unidoc_finance_0078,1,AUTOMATIC_TRANSITION,MISS_AT_3_HIT_AT_6,[],False
review_batch_03,P2A_HR_034,unidoc_finance_0079,1,AUTOMATIC_TRANSITION,MISS_AT_3_HIT_AT_6,[],False
review_batch_03,P2A_HR_035,unidoc_finance_0168,1,AUTOMATIC_TRANSITION,MISS_AT_3_HIT_AT_6,[],False
review_batch_03,P2A_HR_036,unidoc_finance_0196,1,AUTOMATIC_TRANSITION,MISS_AT_3_HIT_AT_6,[],False
review_batch_04,P2A_HR_037,unidoc_healthcare_0036,1,AUTOMATIC_TRANSITION,MISS_AT_3_HIT_AT_6,[],False
review_batch_04,P2A_HR_038,unidoc_healthcare_0053,1,AUTOMATIC_TRANSITION,MISS_AT_3_HIT_AT_6,[],False
review_batch_04,P2A_HR_039,unidoc_healthcare_0055,1,AUTOMATIC_TRANSITION,MISS_AT_3_HIT_AT_6,[],False
review_batch_04,P2A_HR_040,unidoc_healthcare_0074,1,AUTOMATIC_TRANSITION,MISS_AT_3_HIT_AT_6,[],False
review_batch_04,P2A_HR_041,unidoc_healthcare_0075,1,AUTOMATIC_TRANSITION,MISS_AT_3_HIT_AT_6,[],False
review_batch_04,P2A_HR_042,unidoc_healthcare_0078,1,AUTOMATIC_TRANSITION,MISS_AT_3_HIT_AT_6,[],False
review_batch_04,P2A_HR_043,unidoc_healthcare_0100,1,AUTOMATIC_TRANSITION,MISS_AT_3_HIT_AT_6,[],False
review_batch_04,P2A_HR_044,unidoc_healthcare_0178,1,AUTOMATIC_TRANSITION,MISS_AT_3_HIT_AT_6,[],False
review_batch_04,P2A_HR_045,unidoc_healthcare_0182,1,AUTOMATIC_TRANSITION,MISS_AT_3_HIT_AT_6,[],False
review_batch_04,P2A_HR_046,unidoc_healthcare_0197,1,AUTOMATIC_TRANSITION,MISS_AT_3_HIT_AT_6,[],False
review_batch_04,P2A_HR_047,unidoc_legal_0028,1,AUTOMATIC_TRANSITION,MISS_AT_6_HIT_AT_9,[],False
review_batch_04,P2A_HR_048,unidoc_legal_0133,1,AUTOMATIC_TRANSITION,MISS_AT_3_HIT_AT_6,[],False
review_batch_05,P2A_HR_049,unidoc_legal_0160,1,AUTOMATIC_TRANSITION,MISS_AT_3_HIT_AT_6,[],False
review_batch_05,P2A_HR_050,unidoc_commerce_manufacturing_0108,2,AUTOMATIC_TRANSITION,MISS_AT_3_HIT_AT_6,[],False
review_batch_05,P2A_HR_051,unidoc_construction_0065,2,AUTOMATIC_TRANSITION,MISS_AT_3_HIT_AT_6,[],False
review_batch_05,P2A_HR_052,unidoc_construction_0093,2,AUTOMATIC_TRANSITION,MISS_AT_9,[],True
review_batch_05,P2A_HR_053,unidoc_construction_0150,2,AUTOMATIC_TRANSITION,MISS_AT_3_HIT_AT_6,[],False
review_batch_05,P2A_HR_054,unidoc_crm_0104,2,AUTOMATIC_TRANSITION,MISS_AT_3_HIT_AT_6,[],False
review_batch_05,P2A_HR_055,unidoc_education_0048,2,AUTOMATIC_TRANSITION,MISS_AT_3_HIT_AT_6,[],False
review_batch_05,P2A_HR_056,unidoc_energy_0112,2,AUTOMATIC_TRANSITION,MISS_AT_6_HIT_AT_9,[],False
review_batch_05,P2A_HR_057,unidoc_finance_0017,2,AUTOMATIC_TRANSITION,MISS_AT_3_HIT_AT_6,[],False
review_batch_05,P2A_HR_058,unidoc_healthcare_0123,2,AUTOMATIC_TRANSITION,MISS_AT_3_HIT_AT_6,[],False
review_batch_05,P2A_HR_059,unidoc_healthcare_0196,2,AUTOMATIC_TRANSITION,MISS_AT_3_HIT_AT_6,[],False
review_batch_05,P2A_HR_060,unidoc_commerce_manufacturing_0099,3,AUTOMATIC_TRANSITION,MISS_AT_6_HIT_AT_9,[],False
review_batch_06,P2A_HR_061,unidoc_energy_0149,3,AUTOMATIC_TRANSITION,MISS_AT_3_HIT_AT_6,[],False
review_batch_06,P2A_HR_062,unidoc_energy_0196,3,AUTOMATIC_TRANSITION,MISS_AT_3_HIT_AT_6,[],False
review_batch_06,P2A_HR_063,unidoc_finance_0051,3,AUTOMATIC_TRANSITION,MISS_AT_3_HIT_AT_6,[],False
review_batch_06,P2A_HR_064,unidoc_finance_0151,3,AUTOMATIC_TRANSITION,MISS_AT_3_HIT_AT_6,[],False
review_batch_06,P2A_HR_065,unidoc_healthcare_0096,3,AUTOMATIC_TRANSITION,MISS_AT_3_HIT_AT_6,[],False
review_batch_06,P2A_HR_066,unidoc_healthcare_0151,3,AUTOMATIC_TRANSITION,MISS_AT_3_HIT_AT_6,[],False
review_batch_06,P2A_HR_067,unidoc_healthcare_0172,3,AUTOMATIC_TRANSITION,MISS_AT_6_HIT_AT_9,[],False
review_batch_06,P2A_HR_068,unidoc_legal_0067,3,AUTOMATIC_TRANSITION,MISS_AT_3_HIT_AT_6,[],False
review_batch_06,P2A_HR_069,unidoc_healthcare_0135,4,AUTOMATIC_TRANSITION,MISS_AT_3_HIT_AT_6,[],False
review_batch_06,P2A_HR_070,unidoc_commerce_manufacturing_0036,5,JUDGE_INCOMPLETE,MISS_AT_9,"[""E6""]",False
review_batch_06,P2A_HR_071,unidoc_construction_0017,5,JUDGE_INCOMPLETE,MISS_AT_3_HIT_AT_6,"[""E3""]",False
review_batch_06,P2A_HR_072,unidoc_construction_0112,5,JUDGE_INCOMPLETE,MISS_AT_3_HIT_AT_6,"[""E6""]",False
review_batch_07,P2A_HR_073,unidoc_energy_0139,5,JUDGE_INCOMPLETE,MISS_AT_3_HIT_AT_6,"[""E3""]",False
review_batch_07,P2A_HR_074,unidoc_finance_0183,5,JUDGE_INCOMPLETE,MISS_AT_3_HIT_AT_6,"[""E6"", ""E9""]",False
review_batch_07,P2A_HR_075,unidoc_finance_0184,5,JUDGE_INCOMPLETE,MISS_AT_6_HIT_AT_9,"[""E9""]",False
review_batch_07,P2A_HR_076,unidoc_healthcare_0170,5,JUDGE_INCOMPLETE,MISS_AT_3_HIT_AT_6,"[""E3"", ""E9""]",False
review_batch_07,P2A_HR_077,unidoc_legal_0033,5,JUDGE_INCOMPLETE,MISS_AT_3_HIT_AT_6,"[""E3""]",True
